dataset,final_category,final_category_zh,canonical_sample_id,sample_file,question,question_zh,translation_status,answer,question_units,complexity_index
chemistry\sciverse_chemistry,stoichiometry_reaction_calculation,化学计量与反应计算,sciversechemistry00113,sciversechemistry00113.json,The following diagram supports which of the following conclusions about the reaction shown below?,,pending_translation,Mass is conserved in all chemical reactions,14,6.0969
chemistry\sciverse_chemistry,stoichiometry_reaction_calculation,化学计量与反应计算,sciversechemistry00161,sciversechemistry00161.json,The diagram below supports which of the following conclusions about the reaction shown below?,,pending_translation,Mass is conserved in all chemical reactions,14,6.0974
chemistry\sciverse_chemistry,stoichiometry_reaction_calculation,化学计量与反应计算,sciversechemistry00225,sciversechemistry00225.json,"Based on the mass spectrum shown below, which of the following can be concluded about zirconium?",,pending_translation,The most common isotope of zirconium has 50 neutrons,16,6.4631
chemistry\sciverse_chemistry,stoichiometry_reaction_calculation,化学计量与反应计算,sciversechemistry00212,sciversechemistry00212.json,Which energy difference in the energy profile below corresponds to the activation energy for the forward reaction?,,pending_translation,$x$,17,6.7681
chemistry\sciverse_chemistry,stoichiometry_reaction_calculation,化学计量与反应计算,sciversechemistry00114,sciversechemistry00114.json,A mass spectrum of a naturally occurring sample of an element is shown above. What is the element?,,pending_translation,Cl,18,6.0947
chemistry\sciverse_chemistry,stoichiometry_reaction_calculation,化学计量与反应计算,sciversechemistry00188,sciversechemistry00188.json,"Two half-cells are set up as follows: Half-Cell A: Strip of Cu(s) in $CuNO_3(aq)$ Half-Cell B: Strip of Zn(s) in $Zn(NO_3)_2(aq)$ When the cells are connected according to the following diagram, the following reaction occurs. As the reaction progresses, what will happen to the overall voltage of the cell?",,pending_translation,It will decrease as [$Zn^{2+}$] increases,60,9.3277
chemistry\sciverse_chemistry,stoichiometry_reaction_calculation,化学计量与反应计算,sciversechemistry00152,sciversechemistry00152.json,"A piece of potassium metal is added to a solution of hydrochloric acid, and the metal starts to react. Which of the following is the correct net ionic equation for the reaction that is occurring?",,pending_translation,$2H^+(aq) + 2K(s) \rightarrow 2K^+(aq) + H_2(g)$,35,7.197
chemistry\sciverse_chemistry,stoichiometry_reaction_calculation,化学计量与反应计算,sciversechemistry00093,sciversechemistry00093.json,The above diagrams shows the decomposition of hydrogen peroxide in a sealed container in the presence of a catalyst. What is the overall order for the reaction?,,pending_translation,First order,27,6.9455
chemistry\sciverse_chemistry,stoichiometry_reaction_calculation,化学计量与反应计算,sciversechemistry00047,sciversechemistry00047.json,"一名学生设计了一个实验,旨在测定铝的比热容。实验过程中,将质量为 $5.86\ \mathrm{g}$ 的铝块加热至不同温度,然后将其浸入装有 $25.0\ \mathrm{mL}$ 水的量热计中。下图显示了其中一次试验过程中收集的数据。根据给定的实验数据,计算铝的比热容($\mathrm{J/g\cdot^\circ C}$)。(最终答案为一个数值)","一名学生设计了一个实验,旨在测定铝的比热容。实验过程中,将质量为 $5.86\ \mathrm{g}$ 的铝块加热至不同温度,然后将其浸入装有 $25.0\ \mathrm{mL}$ 水的量热计中。下图显示了其中一次试验过程中收集的数据。根据给定的实验数据,计算铝的比热容($\mathrm{J/g\cdot^\circ C}$)。(最终答案为一个数值)",original_zh,0.78,109,8.8151
chemistry\sciverse_chemistry,stoichiometry_reaction_calculation,化学计量与反应计算,sciversechemistry00177,sciversechemistry00177.json,Suppose you discovered a mutant yeast whose glycolytic pathway was shorter because of the presence of a new enzyme catalyzing the reaction. Would shortening the glycolytic pathway in this way benefit the cell?,,pending_translation,No,33,6.7548
chemistry\sciverse_chemistry,stoichiometry_reaction_calculation,化学计量与反应计算,sciversechemistry00201,sciversechemistry00201.json,"$NO_2$ gas is placed in a sealed, evacuated container and allowed to decompose via the following equation: $2NO_2(g) \rightleftharpoons 2NO(g) + O_2(g)$ The graph below indicates the change in concentration for each species over time. As the reaction progresses, what happens to the value of the equilibrium constant $K_p$ if the temperature remains constant?",,pending_translation,It stays constant,62,8.8853
chemistry\sciverse_chemistry,stoichiometry_reaction_calculation,化学计量与反应计算,sciversechemistry00066,sciversechemistry00066.json,"上述质谱用于次氯酸盐离子 ClO$^-$。氧气只有一个稳定的同位素,其质量为 16 AMU。根据质谱峰的质量数,求氯的最常见同位素中子数。","上述质谱用于次氯酸盐离子 ClO$^-$。氧气只有一个稳定的同位素,其质量为 16 AMU。根据质谱峰的质量数,求氯的最常见同位素中子数。",original_zh,18,52,7.3459
chemistry\sciverse_chemistry,stoichiometry_reaction_calculation,化学计量与反应计算,sciversechemistry00233,sciversechemistry00233.json,"A sample of some $N_2O_5$ gas is placed in a sealed container and allowed to decompose. The concentration of the $N_2O_5$ is tracked over time, and the results are plotted on the above graph. Which of the following represents the possible units on the rate constant for this reaction?",,pending_translation,$s^{-1}$,55,8.156
chemistry\sciverse_chemistry,stoichiometry_reaction_calculation,化学计量与反应计算,sciversechemistry00222,sciversechemistry00222.json,"The diagram above represents the idealized titration curve for the reaction of pure sodium carbonate, $\text{Na}_2\text{CO}_3$, with a strong acid such as hydrochloric acid, $\text{HCl}$. The analysis of a sample contaminated with $\text{NaHCO}_3$ gave slightly different results. How does the volume of acid necessary to reach G from 0 compare to the volume of acid necessary to get from G to H for the second sample?",,pending_translation,They are the same,74,8.6233
chemistry\sciverse_chemistry,stoichiometry_reaction_calculation,化学计量与反应计算,sciversechemistry00194,sciversechemistry00194.json,"$NO_2$ gas is placed in a sealed, evacuated container and allowed to decompose via the following equation: $2NO_2(g) \leftrightarrow 2NO(g) + O_2(g)$ The graph below indicates the change in concentration for each species over time. What is happening to the rate of the forward reaction at $t = 60$ s?",,pending_translation,It is remaining constant,56,8.742
chemistry\sciverse_chemistry,stoichiometry_reaction_calculation,化学计量与反应计算,sciversechemistry00166,sciversechemistry00166.json,"The elements I and Te have similar average atomic masses. A sample that was believed to be a mixture of I and Te was run through a mass spectrometer which separates a sample by mass into isotopes, resulting in the data below. All of the following statements are true. Which one would be the best basis for concluding that the sample was pure Te?",,pending_translation,"I consists of only one naturally occurring isotope with 74 neutrons, whereas Te has more than one isotope",64,8.1247
chemistry\sciverse_chemistry,stoichiometry_reaction_calculation,化学计量与反应计算,sciversechemistry00099,sciversechemistry00099.json,"Given a reaction $A+B \rightarrow C$. Based on the following experimental data, what is the rate law for the hypothetical reaction given above?",,pending_translation,Rate = $k[A][B]^2$,24,7.3304
chemistry\sciverse_chemistry,stoichiometry_reaction_calculation,化学计量与反应计算,sciversechemistry00017,sciversechemistry00017.json,"学生进行了一个实验,在该实验中,丁烷打火机直接在 100 mL 渐变的圆柱体下方固定在水下,该圆柱体充满了水。将打火机的开关按下,丁烷气体被释放到渐变的圆柱体中。实验数据如下: - 释放气体之前的质量: 20.432g - 释放后轻质的质量: 20.296g - 收集的气体体积: 68.40 mL - 水温: 19.0°C - 大气压: 745 mmHg 已知在 19.0°C 下水的蒸气压为 16.5 mmHg,请确定在大气中收集的丁烷气体的部分压力。(最终答案为一个数值)","学生进行了一个实验,在该实验中,丁烷打火机直接在 100 mL 渐变的圆柱体下方固定在水下,该圆柱体充满了水。将打火机的开关按下,丁烷气体被释放到渐变的圆柱体中。实验数据如下: - 释放气体之前的质量: 20.432g - 释放后轻质的质量: 20.296g - 收集的气体体积: 68.40 mL - 水温: 19.0°C - 大气压: 745 mmHg 已知在 19.0°C 下水的蒸气压为 16.5 mmHg,请确定在大气中收集的丁烷气体的部分压力。(最终答案为一个数值)",original_zh,$0.959$,156,11.9193
chemistry\sciverse_chemistry,stoichiometry_reaction_calculation,化学计量与反应计算,sciversechemistry00023,sciversechemistry00023.json,"如图所示,在加压打火机中的液体丁烷($\mathrm{C_4H_{10}}$)样本直接放置在铝制罐下方。罐中装有100.0 mL水,当点燃丁烷时,罐内水温从25.0°C升至82.3°C。实验发现丁烷的总质量为0.51g,已知水的比热容为4.18J/(g·°C),水的密度为1.00g/mL。基于此实验,请计算丁烷的实验确定的燃烧热(单位:kJ/mol)。","如图所示,在加压打火机中的液体丁烷($\mathrm{C_4H_{10}}$)样本直接放置在铝制罐下方。罐中装有100.0 mL水,当点燃丁烷时,罐内水温从25.0°C升至82.3°C。实验发现丁烷的总质量为0.51g,已知水的比热容为4.18J/(g·°C),水的密度为1.00g/mL。基于此实验,请计算丁烷的实验确定的燃烧热(单位:kJ/mol)。",original_zh,2700,113,8.657
chemistry\sciverse_chemistry,stoichiometry_reaction_calculation,化学计量与反应计算,sciversechemistry00199,sciversechemistry00199.json,"A pure sample of $N_2O_4(g)$ is placed into a rigid, evacuated, 0.500 L container. The initial pressure of the $N_2O_4(g)$ is 760 atm. The temperature is held constant until the $N_2O_4(g)$ reaches equilibrium with its decomposition products. The figure below shows how the pressure of the system changes while reaching equilibrium. By how much will the equilibrium pressure increase if this reaction goes to completion?",,pending_translation,634 torr,77,9.2857
chemistry\sciverse_chemistry,molecular_structure_smiles_bonds,分子结构、键与 SMILES,sciversechemistry00186,sciversechemistry00186.json,How many chirality centers does the following molecule have?,,pending_translation,5,9,5.7646
chemistry\sciverse_chemistry,molecular_structure_smiles_bonds,分子结构、键与 SMILES,sciversechemistry00126,sciversechemistry00126.json,Which of the following statements regarding the structure B is true?,,pending_translation,All bonds in the molecule are identical to each other,11,6.0954
chemistry\sciverse_chemistry,molecular_structure_smiles_bonds,分子结构、键与 SMILES,sciversechemistry00158,sciversechemistry00158.json,Why is acetic acid better able to form dimers than acetyl chloride?,,pending_translation,Acetic acid can form strong hydrogen bonds but acetyl chloride can only form weaker dipole-dipole attractions,12,6.0234
chemistry\sciverse_chemistry,molecular_structure_smiles_bonds,分子结构、键与 SMILES,sciversechemistry00231,sciversechemistry00231.json,Why is acetic acid better able to form dimers than acetyl chloride?,,pending_translation,Acetic acid can form strong hydrogen bonds but acetyl chloride can only form weaker dipole-dipole attractions,12,6.0234
chemistry\sciverse_chemistry,molecular_structure_smiles_bonds,分子结构、键与 SMILES,sciversechemistry00228,sciversechemistry00228.json,"In the diagram above, which labeled arrow is pointing toward a hydrogen bond?",,pending_translation,3,13,6.3401
chemistry\sciverse_chemistry,molecular_structure_smiles_bonds,分子结构、键与 SMILES,sciversechemistry00226,sciversechemistry00226.json,The molecular geometry of the left-most carbon atom in the molecule below is?,,pending_translation,tetrahedral,14,6.3487
chemistry\sciverse_chemistry,molecular_structure_smiles_bonds,分子结构、键与 SMILES,sciversechemistry00242,sciversechemistry00242.json,"Based on Coulomb's law and the information in the table above, which of the following anions is most likely to have the strongest interactions with nearby water molecules in an aqueous solution?",,pending_translation,$S^{2-}$,32,7.1307
chemistry\sciverse_chemistry,molecular_structure_smiles_bonds,分子结构、键与 SMILES,sciversechemistry00215,sciversechemistry00215.json,"Sample solutions of each of the three acids were titrated with 0.10 M sodium hydroxide, NaOH. Each of the acid solutions had a concentration of 0.10 M. Which of the acid titrations had the highest pH at the endpoint?",,pending_translation,Benzoic acid,39,8.2679
chemistry\sciverse_chemistry,molecular_structure_smiles_bonds,分子结构、键与 SMILES,sciversechemistry00140,sciversechemistry00140.json,"Two compounds with the formula $C_2H_2Cl_2$ appear in the above diagram. These two compounds are isomers. The molecules are planar and have the approximate structures shown in the diagram. The boiling point of trans-1, 2-dichloroethene is 47.5°C and the boiling point of cis-1,2-dichloroethene is 60.3°C. Which of the following best explains why cis-1,2-dichloroethene has a higher boiling point than its isomer, trans-1, 2-dichloroethene?",,pending_translation,The higher boiling isomer is more polar than the other isomer,80,9.5531
chemistry\sciverse_chemistry,molecular_structure_smiles_bonds,分子结构、键与 SMILES,sciversechemistry00241,sciversechemistry00241.json,Choose the word that best describes the geometric shape of the molecule or ion whose Lewis structure is shown below.,,pending_translation,tetrahedral,20,7.1758
chemistry\sciverse_chemistry,molecular_structure_smiles_bonds,分子结构、键与 SMILES,sciversechemistry00170,sciversechemistry00170.json,Use the arrangement of atoms suggested in the skeleton structure above to construct the Lewis structure for the sulfite ion. Be sure to minimize the formal charges. Which of the following statements is incorrect?,,pending_translation,The sulfite ion is nonpolar,34,6.6848
chemistry\sciverse_chemistry,molecular_structure_smiles_bonds,分子结构、键与 SMILES,sciversechemistry00117,sciversechemistry00117.json,"See the following phase diagram below, where there are 5 points labeled as (A), (B), (C), (D), and (E), respectively. At which point will the substancemce represented by the phase diagram be solely in the solid phase at equilibrium?",,pending_translation,B,39,7.6742
chemistry\sciverse_chemistry,molecular_structure_smiles_bonds,分子结构、键与 SMILES,sciversechemistry00095,sciversechemistry00095.json,The following diagrams show the Lewis structures of four different molecules. Which molecule would travel the farthest in a paper chromatography experiment using a polar solvent?,,pending_translation,Methanol,26,7.3939
chemistry\sciverse_chemistry,molecular_structure_smiles_bonds,分子结构、键与 SMILES,sciversechemistry00168,sciversechemistry00168.json,"The $K_a$ values for three different weak acids are given below. If the acid is polyprotic, all of the $K_a$ values for that acid are given. If each acid were to be titrated with 0.10 M NaOH, which solution would have the highest pH at the endpoint of the titration when each acid has fully reacted?",,pending_translation,Sulfurous,58,8.7718
chemistry\sciverse_chemistry,molecular_structure_smiles_bonds,分子结构、键与 SMILES,sciversechemistry00196,sciversechemistry00196.json,"Based on the figure above, the boiling point of ethyl alcohol under an external pressure of 0.0724 atm is $\_\_\_\_\_\_\_\_ °C$.",,pending_translation,20,20,7.1022
chemistry\sciverse_chemistry,molecular_structure_smiles_bonds,分子结构、键与 SMILES,sciversechemistry00144,sciversechemistry00144.json,"There are several different potential Lewis diagrams for the sulfate ion, two of which are below. What is the molecular geometry in the structure $A$?",,pending_translation,Tetrahedral,25,7.4326
chemistry\sciverse_chemistry,molecular_structure_smiles_bonds,分子结构、键与 SMILES,sciversechemistry00111,sciversechemistry00111.json,The structural formula of the glycinium cation is shown above. Arrows indicate the $pK_a$ values for the labile protons in the molecule. Which of the following is true about the geometry of the glycinium cation?,,pending_translation,Both C atoms and both O atoms lie in the same plane,36,7.1282
chemistry\sciverse_chemistry,molecular_structure_smiles_bonds,分子结构、键与 SMILES,sciversechemistry00013,sciversechemistry00013.json,"乙酰离子的化学式为C$_2$H$_3$O$^-$,并给出了两种可能的Lewis电子点式结构。请使用形式电荷理论,判断左边还是右边的结构更加合理。(答案为单词)","乙酰离子的化学式为C$_2$H$_3$O$^-$,并给出了两种可能的Lewis电子点式结构。请使用形式电荷理论,判断左边还是右边的结构更加合理。(答案为单词)",original_zh,Left,59,7.7141
chemistry\sciverse_chemistry,molecular_structure_smiles_bonds,分子结构、键与 SMILES,sciversechemistry00074,sciversechemistry00074.json,"下列各图常用来说明甲烷 (CH_4) 的分子结构。哪一种与其真实存在状态相差较大? (a) \ce{H-C-H} \ce{| |} \ce{H-C-H} (b) 四面体结构,中心为碳原子,四个氢原子占据四个顶点 (c) 平面正方形结构,中心为碳原子,四个氢原子占据四个顶点","下列各图常用来说明甲烷 (CH_4) 的分子结构。哪一种与其真实存在状态相差较大? (a) \ce{H-C-H} \ce{| |} \ce{H-C-H} (b) 四面体结构,中心为碳原子,四个氢原子占据四个顶点 (c) 平面正方形结构,中心为碳原子,四个氢原子占据四个顶点",original_zh,II,91,8.2012
chemistry\sciverse_chemistry,molecular_structure_smiles_bonds,分子结构、键与 SMILES,sciversechemistry00037,sciversechemistry00037.json,"下图是碱土金属元素的一些性质比较,根据图中信息,关于铍(Be)的说法中,错误的是() \begin{itemize} \item[(A)] 铍的原子半径最小 \item[(B)] 铍的第一离子化能最大 \item[(C)] 铍的熔点最高 \item[(D)] 铍的电负性最大 \end{itemize}","下图是碱土金属元素的一些性质比较,根据图中信息,关于铍(Be)的说法中,错误的是() \begin{itemize} \item[(A)] 铍的原子半径最小 \item[(B)] 铍的第一离子化能最大 \item[(C)] 铍的熔点最高 \item[(D)] 铍的电负性最大 \end{itemize}",original_zh,$Be$'s metal bond is weaker than the metal keys of other alkali soil metal,77,8.0437
chemistry\sciverse_chemistry,equilibrium_kinetics_gas,化学平衡、动力学与气体,sciversechemistry00157,sciversechemistry00157.json,What is the approximate molar solubility of zinc iodate at 25°C? Zinc iodate dissociates in water via the following equilibrium process,,pending_translation,$1.0 \times 10^{-2}$ M,22,6.5183
chemistry\sciverse_chemistry,equilibrium_kinetics_gas,化学平衡、动力学与气体,sciversechemistry00202,sciversechemistry00202.json,"A solution of carbonic acid, H2CO3, is titrated with sodium hydroxide, NaOH. The following graph is produced. What is the magnitude of the first dissociation constant?",,pending_translation,$10^{-6}$,29,7.5288
chemistry\sciverse_chemistry,equilibrium_kinetics_gas,化学平衡、动力学与气体,sciversechemistry00219,sciversechemistry00219.json,The graph above shows the distribution of kinetic energies of a large number of Ne atoms at 500 K. Which letter shows the average kinetic energy of this system?,,pending_translation,C,29,7.2741
chemistry\sciverse_chemistry,equilibrium_kinetics_gas,化学平衡、动力学与气体,sciversechemistry00221,sciversechemistry00221.json,The graph above shows the distribution of kinetic energies of a large number of Ne atoms at 500 K. Which letter shows the average kinetic energy of this system?,,pending_translation,C,29,7.2741
chemistry\sciverse_chemistry,equilibrium_kinetics_gas,化学平衡、动力学与气体,sciversechemistry00139,sciversechemistry00139.json,The following titration curve shows the titration of a weak base with a strong acid. Which of the following values most accurately approximates the $pK_b$ of the weak base?,,pending_translation,4.2,30,7.3071
chemistry\sciverse_chemistry,equilibrium_kinetics_gas,化学平衡、动力学与气体,sciversechemistry00044,sciversechemistry00044.json,"如图所示,将下列化合物按脱水反应速率由大到小排列: \begin{align*} \ce{CH3CH2CH2OH} &> \ce{CH3CH(OH)CH3} \\ &> \ce{(CH3)2C(OH)CH3} > \ce{(CH3)3COH} \end{align*}","如图所示,将下列化合物按脱水反应速率由大到小排列: \begin{align*} \ce{CH3CH2CH2OH} &> \ce{CH3CH(OH)CH3} \\ &> \ce{(CH3)2C(OH)CH3} > \ce{(CH3)3COH} \end{align*}",original_zh,$B> c> A$,55,9.1316
chemistry\sciverse_chemistry,equilibrium_kinetics_gas,化学平衡、动力学与气体,sciversechemistry00091,sciversechemistry00091.json,"米氏方程用 $y=\frac{V_\mathrm{max}[S]}{K_\mathrm{m}+[S]}$ 的形式表示,其中 $y$ 表示反应速率, $V_\mathrm{max}$ 表示最大反应速率, $[S]$ 表示底物浓度, $K_\mathrm{m}$ 表示米氏常数。当在反应体系中加入竞争性抑制剂时, $V_\mathrm{max}$ 不变, 但 $K_\mathrm{m}$ 值将增大。","米氏方程用 $y=\frac{V_\mathrm{max}[S]}{K_\mathrm{m}+[S]}$ 的形式表示,其中 $y$ 表示反应速率, $V_\mathrm{max}$ 表示最大反应速率, $[S]$ 表示底物浓度, $K_\mathrm{m}$ 表示米氏常数。当在反应体系中加入竞争性抑制剂时, $V_\mathrm{max}$ 不变, 但 $K_\mathrm{m}$ 值将增大。",original_zh,Increase,85,8.514
chemistry\sciverse_chemistry,equilibrium_kinetics_gas,化学平衡、动力学与气体,sciversechemistry00020,sciversechemistry00020.json,"下列卤代烃 $\ce{CH3CH2CH2Br}$、$\ce{(CH3)3CCl}$、$\ce{CH3CH(Br)CH3}$ 和 $\ce{(CH3)2C(Br)CH3}$ 中,按 $\mathrm{S_N1}$ 反应机理进行反应时,反应速率最快的是 $\ce{(CH3)3CCl}$。","下列卤代烃 $\ce{CH3CH2CH2Br}$、$\ce{(CH3)3CCl}$、$\ce{CH3CH(Br)CH3}$ 和 $\ce{(CH3)2C(Br)CH3}$ 中,按 $\mathrm{S_N1}$ 反应机理进行反应时,反应速率最快的是 $\ce{(CH3)3CCl}$。",original_zh,right,62,8.0586
chemistry\sciverse_chemistry,equilibrium_kinetics_gas,化学平衡、动力学与气体,sciversechemistry00232,sciversechemistry00232.json,The above graph shows a titration curve of a weak base titrated with a strong acid. The pH was measured with a pH meter after small volumes of 0.075 M HCl were added to 25.0 mL of a weak base. Data from that experiment are shown in the graph. Which of the following describes the base that is being titrated?,,pending_translation,The concentration of the base is slightly less than 0.075 $M$,60,8.7263
chemistry\sciverse_chemistry,equilibrium_kinetics_gas,化学平衡、动力学与气体,sciversechemistry00076,sciversechemistry00076.json,"电流通过镍(II)氟化物的水溶液运行,并在右手电极处进化。给出了几种反应的标准还原电位如下: 对于氟气体的半细胞反应,氟被还原为氟化离子,标准还原电位为$+2.87$V: $$\text{F}_2(\mathrm{g}) + 2\text{e}^- \rightarrow 2\text{F}^-$$ 用于在质子存在下形成水的情况下还原氧气,标准还原电位为$+1.23$V: $$\text{O}_2(\mathrm{g}) + 4\text{H}^+ + 4\text{e}^- \rightarrow 2\text{H}_2\text{O}$$ 用于还原镍离子为实心镍,标准还原电位为$-0.25$V: $$\text{Ni}^{2+} + 2\text{e}^- \rightarrow \text{Ni}(\mathrm{s})$$ 最后,对于将水还原为氢气和氢氧化物离子,标准还原电位为$-0.83$V: $$2\text{H}_2\text{O}(\mathrm{l}) + 2\text{e}^- \rightarrow \text{H}_2(\mathrm{g}) + 2\te...","电流通过镍(II)氟化物的水溶液运行,并在右手电极处进化。给出了几种反应的标准还原电位如下: 对于氟气体的半细胞反应,氟被还原为氟化离子,标准还原电位为$+2.87$V: $$\text{F}_2(\mathrm{g}) + 2\text{e}^- \rightarrow 2\text{F}^-$$ 用于在质子存在下形成水的情况下还原氧气,标准还原电位为$+1.23$V: $$\text{O}_2(\mathrm{g}) + 4\text{H}^+ + 4\text{e}^- \rightarrow 2\text{H}_2\text{O}$$ 用于还原镍离子为实心镍,标准还原电位为$-0.25$V: $$\text{Ni}^{2+} + 2\text{e}^- \rightarrow \text{Ni}(\mathrm{s})$$ 最后,对于将水还原为氢气和氢氧化物离子,标准还原电位为$-0.83$V: $$2\text{H}_2\text{O}(\mathrm{l}) + 2\text{e}^- \rightarrow \text{H}_2(\mathrm{g}) + 2\text{OH}^-$$ 计算该电池的标准电池电位。(最终答案是一个值)",original_zh,1.48,225,12.8568
chemistry\sciverse_chemistry,equilibrium_kinetics_gas,化学平衡、动力学与气体,sciversechemistry00165,sciversechemistry00165.json,"At the point at which 20 mL of NaOH has been added, which of the following species is present in the greatest concentration in solution? A 0.10 M solution of NaOH is titrated into 20 mL of $H_2C_2O_4$, a diprotic acid, of an unknown concentration. The pH of the $H_2C_2O_4$ solution is monitored as the NaOH is added to it, resulting in the below graph.",,pending_translation,$C_2O_4^{2-}$,75,8.5171
chemistry\sciverse_chemistry,equilibrium_kinetics_gas,化学平衡、动力学与气体,sciversechemistry00034,sciversechemistry00034.json,"分离如图所示的低浓度气体吸收-解吸系统,已知吸收塔的传质单元高度$H_{og}=0.4\mathrm{m}$,解吸塔的传质单元高度$H_{oG}=1.0\mathrm{m}$,处理气体量$G=1000\mathrm{kmol/h}$,吸收剂循环量$L=150\mathrm{kmol/h}$,解吸气体本流量$G'=300\mathrm{kmol/h}$,各有关浓度(摩尔分数)如下:$y_1=0.015$,$y'_1=0.045$,$y'_2=0$,$x_2=0.005$,吸收系统的相平衡关系为$y_e=0.15x$,解吸系统的相平衡关系为$Y_e=0.6x$。试求吸收塔的填料层高度$H$及解吸塔的填料层高度$H_m$。","分离如图所示的低浓度气体吸收-解吸系统,已知吸收塔的传质单元高度$H_{og}=0.4\mathrm{m}$,解吸塔的传质单元高度$H_{oG}=1.0\mathrm{m}$,处理气体量$G=1000\mathrm{kmol/h}$,吸收剂循环量$L=150\mathrm{kmol/h}$,解吸气体本流量$G'=300\mathrm{kmol/h}$,各有关浓度(摩尔分数)如下:$y_1=0.015$,$y'_1=0.045$,$y'_2=0$,$x_2=0.005$,吸收系统的相平衡关系为$y_e=0.15x$,解吸系统的相平衡关系为$Y_e=0.6x$。试求吸收塔的填料层高度$H$及解吸塔的填料层高度$H_m$。",original_zh,7.2,160,9.3093
chemistry\sciverse_chemistry,equilibrium_kinetics_gas,化学平衡、动力学与气体,sciversechemistry00011,sciversechemistry00011.json,下列化合物进行 E1 消除反应的速率由快到慢的顺序是: $\ce{(CH3)3C-Cl > (CH3)2CH-CH3 > CH3-CH2-Cl}$,下列化合物进行 E1 消除反应的速率由快到慢的顺序是: $\ce{(CH3)3C-Cl > (CH3)2CH-CH3 > CH3-CH2-Cl}$,original_zh,$B > a > d > C$,41,7.4048
chemistry\sciverse_chemistry,equilibrium_kinetics_gas,化学平衡、动力学与气体,sciversechemistry00039,sciversechemistry00039.json,"分离如图所示的低浓度气体吸收-解吸系统,已知吸收塔的传质单元高度$H_{og}=0.4\mathrm{m}$,解吸塔的传质单元高度$H_{oG}=1.0\mathrm{m}$,处理气体量$G=1000\mathrm{kmol/h}$,吸收剂循环量$L=150\mathrm{kmol/h}$,解吸气体本流量$G'=300\mathrm{kmol/h}$,各有关浓度(摩尔分数)如下:$y_1=0.015$,$y'_1=0.045$,$y'_2=0$,$x_2=0.005$,吸收系统的相平衡关系为$y_e=0.15x$,解吸系统的相平衡关系为$y'_e=0.6x$。试求吸收塔的填料层高度$H$及解吸塔的填料层高度$H'$。","分离如图所示的低浓度气体吸收-解吸系统,已知吸收塔的传质单元高度$H_{og}=0.4\mathrm{m}$,解吸塔的传质单元高度$H_{oG}=1.0\mathrm{m}$,处理气体量$G=1000\mathrm{kmol/h}$,吸收剂循环量$L=150\mathrm{kmol/h}$,解吸气体本流量$G'=300\mathrm{kmol/h}$,各有关浓度(摩尔分数)如下:$y_1=0.015$,$y'_1=0.045$,$y'_2=0$,$x_2=0.005$,吸收系统的相平衡关系为$y_e=0.15x$,解吸系统的相平衡关系为$y'_e=0.6x$。试求吸收塔的填料层高度$H$及解吸塔的填料层高度$H'$。",original_zh,7.2,159,9.3031
chemistry\sciverse_chemistry,equilibrium_kinetics_gas,化学平衡、动力学与气体,sciversechemistry00041,sciversechemistry00041.json,下列哪种物质的亲电取代反应速率比苯更快? A. $\ce{C6H5NO2}$ (硝基苯) B. $\ce{C6H5COOH}$ (苯甲酸) C. $\ce{C6H5Cl}$ (氯苯) D. $\ce{C6H5NH2}$ (苯胺),下列哪种物质的亲电取代反应速率比苯更快? A. $\ce{C6H5NO2}$ (硝基苯) B. $\ce{C6H5COOH}$ (苯甲酸) C. $\ce{C6H5Cl}$ (氯苯) D. $\ce{C6H5NH2}$ (苯胺),original_zh,B,59,9.6793
chemistry\sciverse_chemistry,equilibrium_kinetics_gas,化学平衡、动力学与气体,sciversechemistry00224,sciversechemistry00224.json,The diagram below shows three identical 1.0 L containers filled with the indicated amounts of gas. The stopcocks connecting the containers are originally closed and the gases are all at 25°C. Assume ideal behavior. Which gas has the strongest IMFs?,,pending_translation,All gases have identical IMFs,41,8.3271
chemistry\sciverse_chemistry,equilibrium_kinetics_gas,化学平衡、动力学与气体,sciversechemistry00119,sciversechemistry00119.json,"Refer to the titration curve below, which is of a weak base titrated with a strong acid. The pH was measured with a pH meter after small volumes of 0.125 M HCl were added to 25.0 mL of a weak base. Data from that experiment are shown in the above graph. Which arrow points to the place on the curve where pH = $pKa$ of the conjugate acid of the base?",,pending_translation,C,70,8.9686
chemistry\sciverse_chemistry,equilibrium_kinetics_gas,化学平衡、动力学与气体,sciversechemistry00094,sciversechemistry00094.json,"Refer to the titration curve below, which is of a weak base titrated with a strong acid. The pH was measured with a pH meter after small volumes of 0.125 M HCl were added to 25.0 mL of a weak base. Data from that experiment are shown in the above graph. Between which two points on the titration curve can the solution be described as a buffer?",,pending_translation,A to D,67,8.9147
chemistry\sciverse_chemistry,equilibrium_kinetics_gas,化学平衡、动力学与气体,sciversechemistry00220,sciversechemistry00220.json,A 25.0-mL sample of a solution of a monoprotic acid is titrated with a 0.115 M NaOH solution. The titration curve above was obtained. Which of the indicators in the table would be best for this titration?,,pending_translation,bromthymol blue,38,8.2669
chemistry\sciverse_chemistry,equilibrium_kinetics_gas,化学平衡、动力学与气体,sciversechemistry00178,sciversechemistry00178.json,The above graph shows a titration curve of a weak base titrated with a strong acid. The pH was measured with a pH meter after small volumes of 0.075 M HCl were added to 25.0 mL of a weak base. Data from that experiment are shown in the graph. Which arrow points to the place on the curve where the pH is equal to 14 - $pK_b$?,,pending_translation,C,67,8.8457
chemistry\sciverse_chemistry,thermochemistry_calorimetry,热化学与量热,sciversechemistry00138,sciversechemistry00138.json,How many significant digits are present in the temperature read from the thermometer illustrated to the right?,,pending_translation,3,17,6.3482
chemistry\sciverse_chemistry,thermochemistry_calorimetry,热化学与量热,sciversechemistry00103,sciversechemistry00103.json,"On the phase diagram above, segment $\_\_\_\_\_\_\_\_\_$ corresponds to the conditions of temperature and pressure under which the solid and the gas of the substance are in equilibrium.",,pending_translation,AC,27,6.7232
chemistry\sciverse_chemistry,thermochemistry_calorimetry,热化学与量热,sciversechemistry00156,sciversechemistry00156.json,Use the vapor pressures of $ClF_3$ given in the following table to calculate the enthalpy of vaporization using a graphical method or a least squares fitting routine.,,pending_translation,30.58 kJ/mol,28,6.9932
chemistry\sciverse_chemistry,thermochemistry_calorimetry,热化学与量热,sciversechemistry00173,sciversechemistry00173.json,"Based on the strength of the intermolecular forces in each substance, estimate from greatest to smallest the vapor pressures of each substance in liquid state at the same temperature.",,pending_translation,ethene > propane > ethanal > methanol,29,6.8654
chemistry\sciverse_chemistry,thermochemistry_calorimetry,热化学与量热,sciversechemistry00175,sciversechemistry00175.json,"10.0g each of three different gases are present in three glass containers of identical volume, as shown below. The temperature of all three flasks is held constant at 298 K. Which of the gases would have the greatest density?",,pending_translation,All three gases would have the same density,40,8.3024
chemistry\sciverse_chemistry,thermochemistry_calorimetry,热化学与量热,sciversechemistry00150,sciversechemistry00150.json,"A pure sample of $N_2O_4(g)$ is placed into a rigid, evacuated, 0.500 L container. The initial pressure of the $N_2O_4(g)$ is 760 atm. The temperature is held constant until the $N_2O_4(g)$ reaches equilibrium with its decomposition products. The figure below shows how the pressure of the system changes while reaching equilibrium. The figure above gives us information about all the following except",,pending_translation,the activation energy,74,9.6225
chemistry\sciverse_chemistry,thermochemistry_calorimetry,热化学与量热,sciversechemistry00018,sciversechemistry00018.json,"已知如图所示的信息,在温度为500K时,求反应 $H_2(g) + Cl_2(g) = 2HCl(g)$ 的标准摩尔吉布斯函数变化 $\Delta G^\circ$ (单位:kJ·mol$^{-1}$) 和标准平衡常数 $K_p^\circ$。","已知如图所示的信息,在温度为500K时,求反应 $H_2(g) + Cl_2(g) = 2HCl(g)$ 的标准摩尔吉布斯函数变化 $\Delta G^\circ$ (单位:kJ·mol$^{-1}$) 和标准平衡常数 $K_p^\circ$。",original_zh,"194.62, $ 10^{20} $",58,8.2742
chemistry\sciverse_chemistry,thermochemistry_calorimetry,热化学与量热,sciversechemistry00143,sciversechemistry00143.json,Space-filling representations of carbon tetrachloride and carbon tetrabromide are shown above. The carbon can be seen in the carbon tetrachloride and is hidden by the bromine in carbon tetrabromide. Which of the following is the most reasonable statement? (Assume that the temperatures of CCl$_4$ and CBr$_4$ are the same in these comparisons.),,pending_translation,CCl$_4$ has a higher vapor pressure compared with CBr$_4$,55,8.0587
chemistry\sciverse_chemistry,thermochemistry_calorimetry,热化学与量热,sciversechemistry00083,sciversechemistry00083.json,"给定一个体积为 2 升的密闭容器,内装有氦气和氩气。图中显示了容器内压强 $p$ 与温度 $T$ 的关系曲线。已知当温度为 200 K 时,请计算该温度下容器内两种气体的总压强。","给定一个体积为 2 升的密闭容器,内装有氦气和氩气。图中显示了容器内压强 $p$ 与温度 $T$ 的关系曲线。已知当温度为 200 K 时,请计算该温度下容器内两种气体的总压强。",original_zh,2.5,69,7.6035
chemistry\sciverse_chemistry,thermochemistry_calorimetry,热化学与量热,sciversechemistry00046,sciversechemistry00046.json,"如图所示,在常压下,初始气温为 $30^\circ\mathrm{C}$、湿球温度为 $28^\circ\mathrm{C}$ 的湿空气,在淋水室中与大量冷水充分接触后被冷却至 $10^\circ\mathrm{C}$ 的饱和空气。若将离开淋水室的气体再加热至 $30^\circ\mathrm{C}$,此时空气的湿球温度为 $\\_\degree\mathrm{C}$。","如图所示,在常压下,初始气温为 $30^\circ\mathrm{C}$、湿球温度为 $28^\circ\mathrm{C}$ 的湿空气,在淋水室中与大量冷水充分接触后被冷却至 $10^\circ\mathrm{C}$ 的饱和空气。若将离开淋水室的气体再加热至 $30^\circ\mathrm{C}$,此时空气的湿球温度为 $\\_\degree\mathrm{C}$。",original_zh,18.1,89,8.5795
chemistry\sciverse_chemistry,thermochemistry_calorimetry,热化学与量热,sciversechemistry00118,sciversechemistry00118.json,"In an experiment, a solid 1 molar sample of Substance A was gradually heated by a source of constant energy for several hours and the temperature was measured periodically. At the end of the heating period, Substance A had been converted to the gas phase. The heating curve produced by this experiment is shown below. During the course of the experiment,Substance A was gradually heated from 100K to 350 K. When the temperature reached 250 K, the energy absorbed by Substance A?",,pending_translation,was used to change from liquid to gas phase,84,9.2352
chemistry\sciverse_chemistry,thermochemistry_calorimetry,热化学与量热,sciversechemistry00078,sciversechemistry00078.json,"高炉废气中三氧化硫 $SO_3$ 与固体氧化钙 CaO 发生反应生成硫酸钙,反应式为: $$\mathrm{CaO(s) + SO_3(g) = CaSO_4(s)}$$ 已知该反应在不同温度下的热力学数据如下图所示: <img src=""q_00328_001.png""> 请根据给定数据,计算该反应在 373 K 时的标准摩尔反应吉布斯自由能变化 $\Delta_\mathrm{r}G^\mathrm{\theta}$ 的数值,单位为 kJ·mol$^{-1}$.","高炉废气中三氧化硫 $SO_3$ 与固体氧化钙 CaO 发生反应生成硫酸钙,反应式为: $$\mathrm{CaO(s) + SO_3(g) = CaSO_4(s)}$$ 已知该反应在不同温度下的热力学数据如下图所示: <img src=""q_00328_001.png""> 请根据给定数据,计算该反应在 373 K 时的标准摩尔反应吉布斯自由能变化 $\Delta_\mathrm{r}G^\mathrm{\theta}$ 的数值,单位为 kJ·mol$^{-1}$.",original_zh,474.04,114,10.7931
chemistry\sciverse_chemistry,thermochemistry_calorimetry,热化学与量热,sciversechemistry00054,sciversechemistry00054.json,"在310K温度下,按照反应方程式$2\text{N}_2\text{O}_5(g) \rightarrow 4\text{NO}_2(g) + \text{O}_2(g)$分解$\text{N}_2\text{O}_5$,给出了下图中的数据。与$\text{N}_2\text{O}_5$的消失速率相比,生成$\text{O}_2$的速率是多少?(最终答案为一个数值)","在310K温度下,按照反应方程式$2\text{N}_2\text{O}_5(g) \rightarrow 4\text{NO}_2(g) + \text{O}_2(g)$分解$\text{N}_2\text{O}_5$,给出了下图中的数据。与$\text{N}_2\text{O}_5$的消失速率相比,生成$\text{O}_2$的速率是多少?(最终答案为一个数值)",original_zh,0.5,82,8.5665
chemistry\sciverse_chemistry,thermochemistry_calorimetry,热化学与量热,sciversechemistry00197,sciversechemistry00197.json,"In an experiment, a solid 1 molar sample of Substance A was gradually heated by a source of constant energy for several hours and the temperature was measured periodically. At the end of the heating period, Substance A had been converted to the gas phase. The heating curve produced by this experiment is shown below. Based on the data given in the heating curve,which of the following statements is NOT true regarding Substance A?",,pending_translation,Substance A is a liquid at room temperature.\,75,8.6933
chemistry\sciverse_chemistry,thermochemistry_calorimetry,热化学与量热,sciversechemistry00059,sciversechemistry00059.json,"已知在298 K时,某反应的标准摩尔反应焓变为-801 kJ/mol,请计算该反应在298 K时的标准摩尔熵变($\Delta S^\circ$)的值,单位为J/K。","已知在298 K时,某反应的标准摩尔反应焓变为-801 kJ/mol,请计算该反应在298 K时的标准摩尔熵变($\Delta S^\circ$)的值,单位为J/K。",original_zh,3,49,8.0292
chemistry\sciverse_chemistry,thermochemistry_calorimetry,热化学与量热,sciversechemistry00045,sciversechemistry00045.json,"如图所示,在常压下,气温为30°C、湿球温度为28°C的湿空气在淋水室中与大量冷水充分接触后,被冷却成10°C的饱和空气。若将离开淋水室的气体再加热至30°C,此时空气的湿球温度为_\mathrm{^\circ C}$。","如图所示,在常压下,气温为30°C、湿球温度为28°C的湿空气在淋水室中与大量冷水充分接触后,被冷却成10°C的饱和空气。若将离开淋水室的气体再加热至30°C,此时空气的湿球温度为_\mathrm{^\circ C}$。",original_zh,18.1,79,8.4293
chemistry\sciverse_chemistry,thermochemistry_calorimetry,热化学与量热,sciversechemistry00038,sciversechemistry00038.json,"某常压操作的干燥器的参数如下:空气状况$t_0=20^\circ\mathrm{C}$, $H_0=0.01\,\mathrm{kg/kg}$干空气, $t_1=120^\circ\mathrm{C}$, $t_2=70^\circ\mathrm{C}$, $H_2=0.05\,\mathrm{kg/kg}$干空气;物料状况$\theta_1=30^\circ\mathrm{C}$,含水量$w_1=20\%$, $\theta_2=50^\circ\mathrm{C}$, $w_2=5\%$,绝对干物料比热容$C_\mathrm{ps}=1.5\,\mathrm{kJ/(kg\cdot^\circ C)}$;干燥器的生产能力为$53.5\,\mathrm{kg/h}$(以出干燥器的产物计),干燥器的热损失忽略不计,应向干燥器补充的热量为?($\mathrm{kJ/h}$)","某常压操作的干燥器的参数如下:空气状况$t_0=20^\circ\mathrm{C}$, $H_0=0.01\,\mathrm{kg/kg}$干空气, $t_1=120^\circ\mathrm{C}$, $t_2=70^\circ\mathrm{C}$, $H_2=0.05\,\mathrm{kg/kg}$干空气;物料状况$\theta_1=30^\circ\mathrm{C}$,含水量$w_1=20\%$, $\theta_2=50^\circ\mathrm{C}$, $w_2=5\%$,绝对干物料比热容$C_\mathrm{ps}=1.5\,\mathrm{kJ/(kg\cdot^\circ C)}$;干燥器的生产能力为$53.5\,\mathrm{kg/h}$(以出干燥器的产物计),干燥器的热损失忽略不计,应向干燥器补充的热量为?($\mathrm{kJ/h}$)",original_zh,13984.3,144,9.0008
chemistry\sciverse_chemistry,thermochemistry_calorimetry,热化学与量热,sciversechemistry00092,sciversechemistry00092.json,"在310K温度下,通过反应方程式$2\text{N}_2\text{O}_5(g) \rightarrow 4\text{NO}_2(g) + \text{O}_2(g)$分解$\text{N}_2\text{O}_5$,下图收集了该反应的动力学数据。根据给定数据,求该反应的速率常数$k$的值,单位为$\mathrm{s}^{-1}$。","在310K温度下,通过反应方程式$2\text{N}_2\text{O}_5(g) \rightarrow 4\text{NO}_2(g) + \text{O}_2(g)$分解$\text{N}_2\text{O}_5$,下图收集了该反应的动力学数据。根据给定数据,求该反应的速率常数$k$的值,单位为$\mathrm{s}^{-1}$。",original_zh,5.4e-4,77,8.5043
chemistry\sciverse_chemistry,thermochemistry_calorimetry,热化学与量热,sciversechemistry00137,sciversechemistry00137.json,"A pure sample of $N_2O_4(g)$ is placed into a rigid, evacuated, 0.500 L container. The initial pressure of the $N_2O_4(g)$ is 760 atm. The temperature is held constant until the $N_2O_4(g)$ reaches equilibrium with its decomposition products. The figure below shows how the pressure of the system changes while reaching equilibrium. Why does the pressure rise in this experiment?",,pending_translation,The number of particles striking the container walls per unit time increases,71,9.1517
chemistry\sciverse_chemistry,thermochemistry_calorimetry,热化学与量热,sciversechemistry00016,sciversechemistry00016.json,"2n$\mathrm{N_2O_5}$(g)$\rightarrow$4NO$_2$(g)+O$_2$(g),下图收集了在310 K温度下,上述反应分解n$\mathrm{N_2O_5}$的数据。在t=1500 s时,$\mathrm{N_2O_5}$的浓度是多少?(请给出数值答案)","2n$\mathrm{N_2O_5}$(g)$\rightarrow$4NO$_2$(g)+O$_2$(g),下图收集了在310 K温度下,上述反应分解n$\mathrm{N_2O_5}$的数据。在t=1500 s时,$\mathrm{N_2O_5}$的浓度是多少?(请给出数值答案)",original_zh,0.111 M,65,8.3481
chemistry\sciverse_chemistry,acid_base_solution,酸碱与溶液性质,sciversechemistry00195,sciversechemistry00195.json,The phase diagram of a substance is given above. The region that corresponds to the solid phase is $\_\_\_\_\_\_\_\_\_\_\_\_\_\_\_\_\_\_\_\_\_$.,,pending_translation,$w$,18,6.7615
chemistry\sciverse_chemistry,acid_base_solution,酸碱与溶液性质,sciversechemistry00120,sciversechemistry00120.json,Consider the following table of $K_{sp}$ values. Which compound listed below has the greatest molar solubility in water?,,pending_translation,$CaF_2$,19,7.104
chemistry\sciverse_chemistry,acid_base_solution,酸碱与溶液性质,sciversechemistry00180,sciversechemistry00180.json,"The photoelectron spectrum of an element is below. Based on the spectrum, what is the charge on the most common ion of the element?",,pending_translation,2,24,6.2789
chemistry\sciverse_chemistry,acid_base_solution,酸碱与溶液性质,sciversechemistry00141,sciversechemistry00141.json,Consider the following table of $K_{sp}$ values. In which of the following aqueous solutions would you expect $\text{AgCl}$ to have the lowest solubility?,,pending_translation,0.020 M $\text{BaCl}_2$,25,7.3664
chemistry\sciverse_chemistry,acid_base_solution,酸碱与溶液性质,sciversechemistry00042,sciversechemistry00042.json,比较下图中所示化合物的酸性强弱: \begin{center} \includegraphics[scale=0.5]{q_09847_001.png} \end{center},比较下图中所示化合物的酸性强弱: \begin{center} \includegraphics[scale=0.5]{q_09847_001.png} \end{center},original_zh,$d> c> a> b> E$,26,7.1068
chemistry\sciverse_chemistry,acid_base_solution,酸碱与溶液性质,sciversechemistry00005,sciversechemistry00005.json,"下图是酶的三种可逆抑制作用之一的双倒数作图,请判断这是哪一种抑制类型。 \begin{center} \includegraphics[scale=0.5]{q_00349_001.png} \end{center}","下图是酶的三种可逆抑制作用之一的双倒数作图,请判断这是哪一种抑制类型。 \begin{center} \includegraphics[scale=0.5]{q_00349_001.png} \end{center}",original_zh,Competitive suppression,44,7.3997
chemistry\sciverse_chemistry,acid_base_solution,酸碱与溶液性质,sciversechemistry00062,sciversechemistry00062.json,"如图所示是甲基丙烯酸甲酯(MMA)的本体聚合和溶液聚合过程。当MMA溶液浓度低于40%时,聚合反应未显现出自动加速现象;当浓度高于_____%时,才会出现自动加速现象。","如图所示是甲基丙烯酸甲酯(MMA)的本体聚合和溶液聚合过程。当MMA溶液浓度低于40%时,聚合反应未显现出自动加速现象;当浓度高于_____%时,才会出现自动加速现象。",original_zh,60,65,8.2587
chemistry\sciverse_chemistry,acid_base_solution,酸碱与溶液性质,sciversechemistry00183,sciversechemistry00183.json,"The following curve is obtained during the titration of 30.0 mL of 1.0 M NH3, a weak base, with a strong acid:What is the concentration of the acid?",,pending_translation,2.0 M,30,6.37
chemistry\sciverse_chemistry,acid_base_solution,酸碱与溶液性质,sciversechemistry00052,sciversechemistry00052.json,"在下列化合物 \ce{CH3CH(CH3)CH2COOH}、\ce{CH3CH2CH(CH3)COOH}、\ce{CH3CH2CH2CH(CH3)COOH} 和 \ce{(CH3)2CHCH2COOH} 中,与 $(R)$-2-甲基丁酸 \ce{CH3CH(CH3)CH2COOH} 不同构型的是 \ce{(CH3)2CHCH2COOH}。","在下列化合物 \ce{CH3CH(CH3)CH2COOH}、\ce{CH3CH2CH(CH3)COOH}、\ce{CH3CH2CH2CH(CH3)COOH} 和 \ce{(CH3)2CHCH2COOH} 中,与 $(R)$-2-甲基丁酸 \ce{CH3CH(CH3)CH2COOH} 不同构型的是 \ce{(CH3)2CHCH2COOH}。",original_zh,D,73,8.5192
chemistry\sciverse_chemistry,acid_base_solution,酸碱与溶液性质,sciversechemistry00129,sciversechemistry00129.json,"Four different acid solutions are prepared, and their pH values are determined and tabulated below. Using the data in the table above, which is the weakest acid?",,pending_translation,Acid 4,27,7.4441
chemistry\sciverse_chemistry,acid_base_solution,酸碱与溶液性质,sciversechemistry00036,sciversechemistry00036.json,"下图是酶的三种可逆抑制作用之一的双倒数作图,请判断这是哪一种抑制类型。 \begin{center} \includegraphics[scale=0.5]{q_00350_001.png} \end{center}","下图是酶的三种可逆抑制作用之一的双倒数作图,请判断这是哪一种抑制类型。 \begin{center} \includegraphics[scale=0.5]{q_00350_001.png} \end{center}",original_zh,Non-competitive suppression,44,7.6288
chemistry\sciverse_chemistry,acid_base_solution,酸碱与溶液性质,sciversechemistry00028,sciversechemistry00028.json,"学生测试了三种不同酸样品的电导率,每个样品的浓度为 0.10 mol/L,体积为 20.0 mL。电导率记录在图中的微生物中的每一厘米中。然后用弱碱甲胺的 0.150 mol/L 溶液滴定 HCl 溶液,CH$_3$NH$_2$(K$_b$ = 4.38×10$^{-4}$)。添加了 20.0 mL 甲胺后,求溶液的 pH 值。(最终答案为一个数值)","学生测试了三种不同酸样品的电导率,每个样品的浓度为 0.10 mol/L,体积为 20.0 mL。电导率记录在图中的微生物中的每一厘米中。然后用弱碱甲胺的 0.150 mol/L 溶液滴定 HCl 溶液,CH$_3$NH$_2$(K$_b$ = 4.38×10$^{-4}$)。添加了 20.0 mL 甲胺后,求溶液的 pH 值。(最终答案为一个数值)",original_zh,10.34,101,8.7744
chemistry\sciverse_chemistry,acid_base_solution,酸碱与溶液性质,sciversechemistry00073,sciversechemistry00073.json,"下图是酶的三种可逆抑制作用之一的双倒数作图,请判断这是哪一种抑制类型。 \begin{center} \includegraphics[scale=0.5]{q_00349_001.png} \end{center}","下图是酶的三种可逆抑制作用之一的双倒数作图,请判断这是哪一种抑制类型。 \begin{center} \includegraphics[scale=0.5]{q_00349_001.png} \end{center}",original_zh,Competitive suppression,44,7.3997
chemistry\sciverse_chemistry,acid_base_solution,酸碱与溶液性质,sciversechemistry00025,sciversechemistry00025.json,"如图所示是甲基丙烯酸甲酯(MMA)的本体聚合和溶液聚合过程。当MMA溶液浓度低于40%时,聚合反应未显现出自动加速现象;当浓度高于 $\boxed{\qquad}$ 时,才会出现自动加速现象。","如图所示是甲基丙烯酸甲酯(MMA)的本体聚合和溶液聚合过程。当MMA溶液浓度低于40%时,聚合反应未显现出自动加速现象;当浓度高于 $\boxed{\qquad}$ 时,才会出现自动加速现象。",original_zh,60,67,8.2885
chemistry\sciverse_chemistry,acid_base_solution,酸碱与溶液性质,sciversechemistry00033,sciversechemistry00033.json,"在下列化合物 $\ce{CH3CH(CH3)CH2COOH}$ 中,与 $(R)$-2-甲基丁酸不同构型的是__","在下列化合物 $\ce{CH3CH(CH3)CH2COOH}$ 中,与 $(R)$-2-甲基丁酸不同构型的是__",original_zh,D,29,7.5084
chemistry\sciverse_chemistry,acid_base_solution,酸碱与溶液性质,sciversechemistry00181,sciversechemistry00181.json,"$Cu^{2+}$ ions appear blue in solution, and the $NO_3^-$ ion is colorless. The absorbance of a $Cu(NO_3)_2$ solution is measured at various wavelengths using a spectrophotometer. To determine the concentration of a $Cu(NO_3)_2$ solution of unknown concentration, what wavelength of light would produce the best results?",,pending_translation,640 nm,54,8.1751
chemistry\sciverse_chemistry,acid_base_solution,酸碱与溶液性质,sciversechemistry00176,sciversechemistry00176.json,"All the bases in the diagram behave as Brønsted-Lowry bases in the same way; in each case, they accept a hydrogen ion to the same atom. How is this acceptance of a hydrogen ion accomplished?",,pending_translation,A hydrogen ion attaches to the lone pair on the nitrogen atom,37,7.0091
chemistry\sciverse_chemistry,acid_base_solution,酸碱与溶液性质,sciversechemistry00223,sciversechemistry00223.json,"Morphine, $C_{17}H_{19}NO_3$ (shown above), has a $K_b = 8.0 \times 10^{-7}$. If a 0.00100 M solution of morphine is prepared, the expected pH will be in which one of the following pH ranges?",,pending_translation,8 to 10,39,7.7428
chemistry\sciverse_chemistry,acid_base_solution,酸碱与溶液性质,sciversechemistry00155,sciversechemistry00155.json,A student prepares three buffer solutions. Each solution is 1.0 M in one of the acids in the table and 1.0 M in its corresponding sodium salt. Which of the solutions has the greatest buffer capacity with respect to added NaOH and why?,,pending_translation,All are the same,43,7.8888
chemistry\sciverse_chemistry,acid_base_solution,酸碱与溶液性质,sciversechemistry00207,sciversechemistry00207.json,"Data considering the conductivity of four different substances in their various phases is given in the table below. Of the four options, which substance is most likely to be $NaCl$?",,pending_translation,Substance B,30,7.5481
chemistry\sciverse_chemistry,isomer_stereochemistry_nomenclature,异构、立体化学与命名,sciversechemistry00127,sciversechemistry00127.json,"Name the following substances, including the cis- or trans- prefix:",,pending_translation,trans-1-Chloro-4-methylcyclohexane,10,5.4955
chemistry\sciverse_chemistry,isomer_stereochemistry_nomenclature,异构、立体化学与命名,sciversechemistry00105,sciversechemistry00105.json,Which of the following is the enantiomer of the compound shown below?,,pending_translation,A,12,6.1939
chemistry\sciverse_chemistry,isomer_stereochemistry_nomenclature,异构、立体化学与命名,sciversechemistry00112,sciversechemistry00112.json,How many chiral centers are there in morphine (excluding the N center)?,,pending_translation,5,12,5.914
chemistry\sciverse_chemistry,isomer_stereochemistry_nomenclature,异构、立体化学与命名,sciversechemistry00130,sciversechemistry00130.json,The maximum number of stereoisomers that could exist for the compound below ?,,pending_translation,10,12,6.2131
chemistry\sciverse_chemistry,isomer_stereochemistry_nomenclature,异构、立体化学与命名,sciversechemistry00236,sciversechemistry00236.json,Which point on the graph shown above corresponds to an activated complex or transition state?,,pending_translation,3,15,6.1633
chemistry\sciverse_chemistry,isomer_stereochemistry_nomenclature,异构、立体化学与命名,sciversechemistry00102,sciversechemistry00102.json,Consider the following heating curve of a hypothetical substance: What is the boiling point of the substance?,,pending_translation,$75°C$,17,6.5103
chemistry\sciverse_chemistry,isomer_stereochemistry_nomenclature,异构、立体化学与命名,sciversechemistry00006,sciversechemistry00006.json,请给出下列化合物的 IUPAC 命名或结构式: \begin{center} \includegraphics[scale=0.5]{q_11937_001.png} \end{center},请给出下列化合物的 IUPAC 命名或结构式: \begin{center} \includegraphics[scale=0.5]{q_11937_001.png} \end{center},original_zh,$-methyl-4-propyl-4-octene-2-acetylene$,27,6.4701
chemistry\sciverse_chemistry,isomer_stereochemistry_nomenclature,异构、立体化学与命名,sciversechemistry00029,sciversechemistry00029.json,"请给出下列化合物的 IUPAC 命名或结构式: \begin{center} \chemfig{ \substack{ \chembelow{ \chemfig{ \charge{60-,\chembelow{ \chemfig{ \charge{60+, \chembelow{\chemfig{-[:30](-[:90])-[:150]}} {H\rlap{$\:_3$}C} } } } }{Cl} } } \end{center}","请给出下列化合物的 IUPAC 命名或结构式: \begin{center} \chemfig{ \substack{ \chembelow{ \chemfig{ \charge{60-,\chembelow{ \chemfig{ \charge{60+, \chembelow{\chemfig{-[:30](-[:90])-[:150]}} {H\rlap{$\:_3$}C} } } } }{Cl} } } \end{center}",original_zh,$5$-methyl-$4$-propyl-$4$-octene-$2$-acetylene,40,8.3683
chemistry\sciverse_chemistry,isomer_stereochemistry_nomenclature,异构、立体化学与命名,sciversechemistry00121,sciversechemistry00121.json,The contents in the three containers on the left in the diagram above are transferred to the container on the right. The volumes of the original containers are exactly the values indicated. The pressure in the first three containers is 1.0 atm. What is the pressure in the container on the right?,,pending_translation,1.1 atm,52,8.5583
chemistry\sciverse_chemistry,isomer_stereochemistry_nomenclature,异构、立体化学与命名,sciversechemistry00245,sciversechemistry00245.json,"Two half-cells are set up as follows: Half-Cell A: Strip of Cu(s) in $CuNO_3(aq)$ Half-Cell B: Strip of Zn(s) in $Zn(NO_3)_2(aq)$ When the cells are connected according to the following diagram, the following reaction occurs. How many moles of electrons must be transferred to create 127g of copper?",,pending_translation,2 moles of electrons,60,9.2737
chemistry\sciverse_chemistry,isomer_stereochemistry_nomenclature,异构、立体化学与命名,sciversechemistry00043,sciversechemistry00043.json,"最初在室温下以恒定速率加热 0.10 摩尔的固体甘露,并跟踪其温度,从而导致上图。继续加热甘露直到完全沸腾。假设甘露气体的理想行为。所描述的反应是甘露从液体到气体的相变: $$\text{ga(l)} \rightarrow \text{ga(g)}$$ 对于所涉及的物质,标准焓变($h^\circ$)值(单位: $\text{kJ mol}^{-1}$)为: 对于 $\text{ga(l)}$, $h^\circ$ 为 $5.60$; 对于 $\text{ga(g)}$, $h^\circ$ 为 $277.1$。 已知甘露的汽化焓为 $271.5\ \text{kJ mol}^{-1}$,且 $\Delta S^\circ = 113.4\ \text{J mol}^{-1}\ \text{K}^{-1}$ 用于甘露的沸腾,求甘露的沸点温度(单位: K)。","最初在室温下以恒定速率加热 0.10 摩尔的固体甘露,并跟踪其温度,从而导致上图。继续加热甘露直到完全沸腾。假设甘露气体的理想行为。所描述的反应是甘露从液体到气体的相变: $$\text{ga(l)} \rightarrow \text{ga(g)}$$ 对于所涉及的物质,标准焓变($h^\circ$)值(单位: $\text{kJ mol}^{-1}$)为: 对于 $\text{ga(l)}$, $h^\circ$ 为 $5.60$; 对于 $\text{ga(g)}$, $h^\circ$ 为 $277.1$。 已知甘露的汽化焓为 $271.5\ \text{kJ mol}^{-1}$,且 $\Delta S^\circ = 113.4\ \text{J mol}^{-1}\ \text{K}^{-1}$ 用于甘露的沸腾,求甘露的沸点温度(单位: K)。",original_zh,2394,165,10.5654
chemistry\sciverse_chemistry,lab_graph_data_interpretation,实验图表与数据分析,sciversechemistry00244,sciversechemistry00244.json,What position on the standing wave shown below corresponds to a crest?,,pending_translation,$b$,12,5.9564
chemistry\sciverse_chemistry,lab_graph_data_interpretation,实验图表与数据分析,sciversechemistry00190,sciversechemistry00190.json,"According to the above data, what is the half-life of the substance?",,pending_translation,3.0h,13,6.1783
chemistry\sciverse_chemistry,lab_graph_data_interpretation,实验图表与数据分析,sciversechemistry00185,sciversechemistry00185.json,"In sets a - d, only one of the set is incorrect regarding basic strength. Select it :",,pending_translation,C,16,6.3228
chemistry\sciverse_chemistry,lab_graph_data_interpretation,实验图表与数据分析,sciversechemistry00148,sciversechemistry00148.json,Pictured below is a schematic of the Rutherford experiment. Which scattered particle gives the best evidence for the nuclear atom?,,pending_translation,A,20,6.9197
chemistry\sciverse_chemistry,lab_graph_data_interpretation,实验图表与数据分析,sciversechemistry00088,sciversechemistry00088.json,"在下列化合物 $\ce{CH3CH=CHCH2OH}$、$\ce{CH3CH2CH=CHOH}$、$\ce{CH3CH=C(CH3)CH2OH}$ 和 $\ce{CH3C(OH)=CHCH3}$ 中,烯醇化程度最大的是 $\ce{CH3C(OH)=CHCH3}$。","在下列化合物 $\ce{CH3CH=CHCH2OH}$、$\ce{CH3CH2CH=CHOH}$、$\ce{CH3CH=C(CH3)CH2OH}$ 和 $\ce{CH3C(OH)=CHCH3}$ 中,烯醇化程度最大的是 $\ce{CH3C(OH)=CHCH3}$。",original_zh,D,55,8.1888
chemistry\sciverse_chemistry,lab_graph_data_interpretation,实验图表与数据分析,sciversechemistry00012,sciversechemistry00012.json,"在下列化合物 $\ce{CH3CH=CHCH2OH}$、$\ce{CH3CH2CH=CHCH3}$、$\ce{CH3CH2CH2CH=O}$ 和 $\ce{CH3CH2CH2CHO}$ 中,烯醇式结构的化合物是 $\ce{CH3CH=CHCH2OH}$。","在下列化合物 $\ce{CH3CH=CHCH2OH}$、$\ce{CH3CH2CH=CHCH3}$、$\ce{CH3CH2CH2CH=O}$ 和 $\ce{CH3CH2CH2CHO}$ 中,烯醇式结构的化合物是 $\ce{CH3CH=CHCH2OH}$。",original_zh,wrong,57,8.1483
chemistry\sciverse_chemistry,lab_graph_data_interpretation,实验图表与数据分析,sciversechemistry00056,sciversechemistry00056.json,根据以下实验事实确定各字母 E 所代表的物质: $\ce{CaCO3 ->[加热] CaO + CO2 \\}$ (E) $\ce{2Na(s) + 2HCl(aq) ->2NaCl(aq) + H2(g) \\}$ (E) $\ce{Cu(s) + 4HNO3(aq) ->Cu(NO3)2(aq) + 2NO2(g) + 2H2O(l) \\}$ (E),根据以下实验事实确定各字母 E 所代表的物质: $\ce{CaCO3 ->[加热] CaO + CO2 \\}$ (E) $\ce{2Na(s) + 2HCl(aq) ->2NaCl(aq) + H2(g) \\}$ (E) $\ce{Cu(s) + 4HNO3(aq) ->Cu(NO3)2(aq) + 2NO2(g) + 2H2O(l) \\}$ (E),original_zh,$[FeF_{6}]^{3-}$,65,9.4132
chemistry\sciverse_chemistry,lab_graph_data_interpretation,实验图表与数据分析,sciversechemistry00082,sciversechemistry00082.json,"下列两组反应式表示化合物进行硝化反应的反应顺序,正确的是_____(填入""(1)""或""(2)"") \begin{align*} (1)&\qquad \ce{C6H6 ->[\ce{HNO3}] C6H5NO2 ->[\ce{HNO3}] C6H4(NO2)2} \\ (2)&\qquad \ce{C6H6 ->[\ce{HNO3}] C6H4(NO2)2 ->[\ce{HNO3}] C6H5NO2} \end{align*}","下列两组反应式表示化合物进行硝化反应的反应顺序,正确的是_____(填入""(1)""或""(2)"") \begin{align*} (1)&\qquad \ce{C6H6 ->[\ce{HNO3}] C6H5NO2 ->[\ce{HNO3}] C6H4(NO2)2} \\ (2)&\qquad \ce{C6H6 ->[\ce{HNO3}] C6H4(NO2)2 ->[\ce{HNO3}] C6H5NO2} \end{align*}",original_zh,$(1)$,88,8.7885
chemistry\sciverse_chemistry,lab_graph_data_interpretation,实验图表与数据分析,sciversechemistry00063,sciversechemistry00063.json,"下列两组反应式是表示化合物进行硝化反应的反应顺序,正确的是____($\mathrm{填入""(1)""或""(2)""}$) \begin{align*} (1)\qquad &\ce{C6H6 + HNO3 -> C6H5NO2 + H2O} \\ &\ce{C6H5NO2 + 2HNO3 -> C6H4(NO2)2 + 2H2O}\\ (2)\qquad &\ce{C6H6 + 2HNO3 -> C6H4(NO2)2 + 2H2O}\\ &\ce{C6H4(NO2)2 + HNO3 -> C6H3(NO2)3 + H2O} \end{align*}","下列两组反应式是表示化合物进行硝化反应的反应顺序,正确的是____($\mathrm{填入""(1)""或""(2)""}$) \begin{align*} (1)\qquad &\ce{C6H6 + HNO3 -> C6H5NO2 + H2O} \\ &\ce{C6H5NO2 + 2HNO3 -> C6H4(NO2)2 + 2H2O}\\ (2)\qquad &\ce{C6H6 + 2HNO3 -> C6H4(NO2)2 + 2H2O}\\ &\ce{C6H4(NO2)2 + HNO3 -> C6H3(NO2)3 + H2O} \end{align*}",original_zh,$(1)$,118,9.993
chemistry\sciverse_chemistry,lab_graph_data_interpretation,实验图表与数据分析,sciversechemistry00048,sciversechemistry00048.json,"如图所示,用效率为75%的离心泵$P_{1}$将水由贮槽A输送至密闭罐B内。已知泵$P_{1}$的特性曲线方程为: $$H=40-0.006q_v^2$$ 其中$H$为扬程(m),$q_v$为流量($\mathrm{m^3/h}$)。该系统的最大输送能力为$50\mathrm{m^3/h}$,管路尺寸均为108mm×4mm。假定所有流动均处于完全湍流区;两泵的出口阀门与离心泵出口距离、出口阀与汇合点之间距离很短,吸入管路阻力可忽略不计。试求单泵$P_{1}$在最大流量条件下工作时系统的阻力(用m液柱表示)。","如图所示,用效率为75%的离心泵$P_{1}$将水由贮槽A输送至密闭罐B内。已知泵$P_{1}$的特性曲线方程为: $$H=40-0.006q_v^2$$ 其中$H$为扬程(m),$q_v$为流量($\mathrm{m^3/h}$)。该系统的最大输送能力为$50\mathrm{m^3/h}$,管路尺寸均为108mm×4mm。假定所有流动均处于完全湍流区;两泵的出口阀门与离心泵出口距离、出口阀与汇合点之间距离很短,吸入管路阻力可忽略不计。试求单泵$P_{1}$在最大流量条件下工作时系统的阻力(用m液柱表示)。",original_zh,7.8,171,10.2957
chemistry\sciverse_chemistry,lab_graph_data_interpretation,实验图表与数据分析,sciversechemistry00081,sciversechemistry00081.json,"如图所示,用效率为75%的离心泵$P_{1}$将水由贮槽A处输送至密闭罐B内。已知泵$P_{1}$的特性曲线方程可以表示为:$H=40-0.006q_v^2$($q_v$为体积流量,单位$m^3/h$)。该系统的最大输送能力为$50m^3/h$,管路尺寸均为108mm$\times$4mm。假定所有流动均处于完全湍流区;两泵的出口阀门与离心泵出口距离、出口阀与汇合点之间距离很短,吸入管路阻力可忽略不计。试求单泵$P_{1}$在最大流量条件下工作时系统的阻力(用m液柱表示)。","如图所示,用效率为75%的离心泵$P_{1}$将水由贮槽A处输送至密闭罐B内。已知泵$P_{1}$的特性曲线方程可以表示为:$H=40-0.006q_v^2$($q_v$为体积流量,单位$m^3/h$)。该系统的最大输送能力为$50m^3/h$,管路尺寸均为108mm$\times$4mm。假定所有流动均处于完全湍流区;两泵的出口阀门与离心泵出口距离、出口阀与汇合点之间距离很短,吸入管路阻力可忽略不计。试求单泵$P_{1}$在最大流量条件下工作时系统的阻力(用m液柱表示)。",original_zh,7.8,172,9.3119
chemistry\sciverse_chemistry,electrochemistry_redox,电化学与氧化还原,sciversechemistry00135,sciversechemistry00135.json,Consider the following table of $K_{sp}$ values. The solubility of manganese hydroxide ($Mn(OH)_2$) is $2.2 \times 10^{-5}$ M. What is the $K_{sp}$ of $Mn(OH)_2$?,,pending_translation,$4.3 \times 10^{-14}$,31,8.1444
chemistry\sciverse_chemistry,electrochemistry_redox,电化学与氧化还原,sciversechemistry00060,sciversechemistry00060.json,"根据给定的电路图,建立相应的电源单元。计算该电源单元的总电动势 $e^{\\circ}_{\\mathrm{cell}}$ (V) 的数值。","根据给定的电路图,建立相应的电源单元。计算该电源单元的总电动势 $e^{\\circ}_{\\mathrm{cell}}$ (V) 的数值。",original_zh,0.94,37,7.2385
chemistry\sciverse_chemistry,electrochemistry_redox,电化学与氧化还原,sciversechemistry00132,sciversechemistry00132.json,Solutions $A$ and $B$ consist of calcium hydroxide dissolved in water. Solution $A$ is a calcium hydroxide solution with a concentration of $0.350 M$ and a volume of $500$ mL. What amount of calcium hydroxide was dissolved to make this solution?,,pending_translation,12.97,41,7.8379
chemistry\sciverse_chemistry,electrochemistry_redox,电化学与氧化还原,sciversechemistry00101,sciversechemistry00101.json,"A beaker is filled with some 1.0 M $\text{CuSO}_4$, and two carbon electrodes are placed in the beaker with a battery wired between them, as shown below. As current is run through the system, solid copper plates out onto the carbon cathode. Which of the following changes would increase the amount of solid copper that is plated out of solution?",,pending_translation,Using a 9.0V battery instead of a 1.5V battery,62,8.2552
chemistry\sciverse_chemistry,electrochemistry_redox,电化学与氧化还原,sciversechemistry00080,sciversechemistry00080.json,"将两个惰性电极浸入镍(II)氟化物 $\ce{NiF2}$ 溶液中,通过电路流过 $2.20~\mathrm{A}$ 的恒定电流。已知标准还原电位列表,要在阴极上析出 $1.2~\mathrm{g}$ 镍,需要多长时间(单位为秒)?","将两个惰性电极浸入镍(II)氟化物 $\ce{NiF2}$ 溶液中,通过电路流过 $2.20~\mathrm{A}$ 的恒定电流。已知标准还原电位列表,要在阴极上析出 $1.2~\mathrm{g}$ 镍,需要多长时间(单位为秒)?",original_zh,1790,65,7.8009
chemistry\sciverse_chemistry,electrochemistry_redox,电化学与氧化还原,sciversechemistry00077,sciversechemistry00077.json,"高炉废气中三氧化硫 $SO_3$ 与固体氧化钙 CaO 发生反应生成硫酸钙,反应式为: $$\mathrm{CaO(s) + SO_3(g) = CaSO_4(s)}$$ 已知该反应在标准状态下的热力学数据如下图所示: <img src=""q_00328_001.png""> 请根据给定数据,计算该反应在 373 K 时的标准摩尔反应吉布斯自由能变化 $\Delta_\mathrm{r}G^\mathrm{m\theta}$ (单位为 kJ·mol^-1)。","高炉废气中三氧化硫 $SO_3$ 与固体氧化钙 CaO 发生反应生成硫酸钙,反应式为: $$\mathrm{CaO(s) + SO_3(g) = CaSO_4(s)}$$ 已知该反应在标准状态下的热力学数据如下图所示: <img src=""q_00328_001.png""> 请根据给定数据,计算该反应在 373 K 时的标准摩尔反应吉布斯自由能变化 $\Delta_\mathrm{r}G^\mathrm{m\theta}$ (单位为 kJ·mol^-1)。",original_zh,474.04,112,10.7972
chemistry\sciverse_chemistry,electrochemistry_redox,电化学与氧化还原,sciversechemistry00030,sciversechemistry00030.json,"学生执行一个实验,将未知金属 M 的棒放在含有 $\mathrm{MNO_3}$ 的溶液中,然后将金属连接到含有 $\mathrm{CuSO_4}$ 溶液中的铜棒,如图所示。含有 KCl 水溶液的盐桥将电池连接在一起。发现电池电势为 +0.74V。当将金属 M 的棒放在铜硫酸盐溶液中时,固体铜开始在棒上形成;当将铜棒放置在 $\mathrm{MNO_3}$ 溶液中时,没有可见的反应。已知铜的一些还原半反应及其标准电极电位($E^\circ$)如下: 1. $\mathrm{Cu^{2+} + 2e^- \rightarrow Cu(s)}$, $E^\circ = 0.34\ \mathrm{V}$ 2. $\mathrm{Cu^{2+} + e^- \rightarrow Cu^+}$, $E^\circ = 0.15\ \mathrm{V}$ 3. $\mathrm{Cu^+ + e^- \rightarrow Cu(s)}$, $E^\circ = 0.52\ \mathrm{V}$ 请求金属 M 的标准还原电势。","学生执行一个实验,将未知金属 M 的棒放在含有 $\mathrm{MNO_3}$ 的溶液中,然后将金属连接到含有 $\mathrm{CuSO_4}$ 溶液中的铜棒,如图所示。含有 KCl 水溶液的盐桥将电池连接在一起。发现电池电势为 +0.74V。当将金属 M 的棒放在铜硫酸盐溶液中时,固体铜开始在棒上形成;当将铜棒放置在 $\mathrm{MNO_3}$ 溶液中时,没有可见的反应。已知铜的一些还原半反应及其标准电极电位($E^\circ$)如下: 1. $\mathrm{Cu^{2+} + 2e^- \rightarrow Cu(s)}$, $E^\circ = 0.34\ \mathrm{V}$ 2. $\mathrm{Cu^{2+} + e^- \rightarrow Cu^+}$, $E^\circ = 0.15\ \mathrm{V}$ 3. $\mathrm{Cu^+ + e^- \rightarrow Cu(s)}$, $E^\circ = 0.52\ \mathrm{V}$ 请求金属 M 的标准还原电势。",original_zh,0.4,197,12.2954
chemistry\sciverse_chemistry,periodic_atomic_bonding,周期律、原子与成键,sciversechemistry00145,sciversechemistry00145.json,Which of the labeled arrows in the diagram above represents the strongest intermolecular force?,,pending_translation,$B$,14,5.8679
chemistry\sciverse_chemistry,periodic_atomic_bonding,周期律、原子与成键,sciversechemistry00216,sciversechemistry00216.json,Which of the labeled arrows in the diagram above represents the strongest intermolecular force?,,pending_translation,B,14,5.8679
chemistry\sciverse_chemistry,periodic_atomic_bonding,周期律、原子与成键,sciversechemistry00110,sciversechemistry00110.json,"According to the data in the table above, which of the compounds has the strongest intermolecular forces?",,pending_translation,Propylamine,17,6.5211
chemistry\sciverse_chemistry,periodic_atomic_bonding,周期律、原子与成键,sciversechemistry00167,sciversechemistry00167.json,Which of the labeled arrows in the diagram above represents the strongest intermolecular force of the four indicated?,,pending_translation,Arrow A,18,5.875
chemistry\sciverse_chemistry,periodic_atomic_bonding,周期律、原子与成键,sciversechemistry00128,sciversechemistry00128.json,The following diagram shows the relative atomic sizes of three different elements from the same period. Which of the following statements must be true?,,pending_translation,The electronegativity value will be greatest in element Z,24,7.3224
chemistry\sciverse_chemistry,periodic_atomic_bonding,周期律、原子与成键,sciversechemistry00089,sciversechemistry00089.json,"对于中性氯原子,从基态 $3s^2 3p^5$ 电子组态中将一个 3s 电子激发至连续能级所需的最小波长是多少?","对于中性氯原子,从基态 $3s^2 3p^5$ 电子组态中将一个 3s 电子激发至连续能级所需的最小波长是多少?",original_zh,4.9e-8,45,6.8577
chemistry\sciverse_chemistry,chemistry_other,化学综合题,sciversechemistry00218,sciversechemistry00218.json,The value of $l$ that is related to the following orbital is:,,pending_translation,1,12,5.8826
chemistry\sciverse_chemistry,chemistry_other,化学综合题,sciversechemistry00210,sciversechemistry00210.json,Use the PES spectra below to answer questions. How many valence electrons does this atom have?,,pending_translation,5,16,5.9353
chemistry\sciverse_chemistry,chemistry_other,化学综合题,sciversechemistry00240,sciversechemistry00240.json,Use the PES spectra below to answer questions. An electron from which peak would have the greatest velocity after ejection?,,pending_translation,The peak at 1.76 MJ/mol,20,6.2006
chemistry\sciverse_chemistry,chemistry_other,化学综合题,sciversechemistry00026,sciversechemistry00026.json,"一个水杯中初始水面距离杯口 1cm,水温为 30°C。由于水汽扩散进入大气,水面逐渐下降,如图所示。假设杯口处空气中水汽的分压为零,大气总压为 101.3 kPa。问水面下降 4cm 需要多少天?","一个水杯中初始水面距离杯口 1cm,水温为 30°C。由于水汽扩散进入大气,水面逐渐下降,如图所示。假设杯口处空气中水汽的分压为零,大气总压为 101.3 kPa。问水面下降 4cm 需要多少天?",original_zh,16.7,74,7.8674
chemistry\sciverse_chemistry,chemistry_other,化学综合题,sciversechemistry00058,sciversechemistry00058.json,"一个水杯中初始水面距离杯口 1cm,水温为 30 $^{\circ}$C。由于水汽扩散进入大气,水面逐渐下降,如图所示。假设杯口处空气中水汽分压为零,总大气压为 101.3 kPa。问水面下降 4cm 需要多少天?","一个水杯中初始水面距离杯口 1cm,水温为 30 $^{\circ}$C。由于水汽扩散进入大气,水面逐渐下降,如图所示。假设杯口处空气中水汽分压为零,总大气压为 101.3 kPa。问水面下降 4cm 需要多少天?",original_zh,16.7,74,7.8782
chemistry\sciverse_chemistry,organic_reaction_mechanism,有机反应机理,sciversechemistry00003,sciversechemistry00003.json,"下列卤代烃 $\ce{CH3CH2CH2Br}$、$\ce{(CH3)3CCl}$、$\ce{CH3CH(Br)CH3}$ 和 $\ce{(CH3)2C(Br)CH3}$ 按 $\mathrm{S_{N}1}$ 反应机理进行反应时,反应最快的是 $\ce{(CH3)3CCl}$。","下列卤代烃 $\ce{CH3CH2CH2Br}$、$\ce{(CH3)3CCl}$、$\ce{CH3CH(Br)CH3}$ 和 $\ce{(CH3)2C(Br)CH3}$ 按 $\mathrm{S_{N}1}$ 反应机理进行反应时,反应最快的是 $\ce{(CH3)3CCl}$。",original_zh,right,59,8.0098
