dataset_path,solution_category,count,dataset_key,canonical_sample_id,sample_file,source_problem_id,question_units,answer_units,question_type,answer_shape,requires_image,complexity_index,question,answer
biology\ai2d_biology,anatomy_physiology,44,ai2d_biology,ai2d_biology00141,ai2d_biology00141.json,950,5,1,multiple_choice,short_text,True,5.0778,What organism is a producer?,Algae
biology\ai2d_biology,biochemistry_enzymes_metabolism,1,ai2d_biology,ai2d_biology00587,ai2d_biology00587.json,1505,10,1,multiple_choice,short_text,True,6.3385,"Using the diagram, what letter depicts where glucose is formed?",F
biology\ai2d_biology,biology_other,167,ai2d_biology,ai2d_biology01237,ai2d_biology01237.json,2960,2,1,multiple_choice,short_text,True,4.7184,__________ consume fish.,raccoons
biology\ai2d_biology,cell_molecular_genetics,574,ai2d_biology,ai2d_biology01226,ai2d_biology01226.json,1309,3,1,multiple_choice,short_text,True,4.5579,Who consumes grass?,rabbit
biology\ai2d_biology,ecology_food_web_population,426,ai2d_biology,ai2d_biology00633,ai2d_biology00633.json,2696,4,1,multiple_choice,short_text,True,4.676,What is a predator?,crab
biology\ai2d_biology,experimental_graph_data,1,ai2d_biology,ai2d_biology00053,ai2d_biology00053.json,467,11,1,multiple_choice,short_text,True,6.1134,A snake is what type of carnivore according to this chart?,primary
biology\ai2d_biology,life_cycle_development,43,ai2d_biology,ai2d_biology01005,ai2d_biology01005.json,1245,4,2,multiple_choice,short_text,True,5.0856,Eggs are laid in,water's surface
biology\ai2d_biology,plant_biology,59,ai2d_biology,ai2d_biology01072,ai2d_biology01072.json,2774,4,1,multiple_choice,short_text,True,4.8528,Plants are known as?,Producers
biology\scemqa_biology,anatomy_physiology,7,scemqa_biology,scemqabiology00038,scemqabiology00038.json,419,29,7,multiple_choice,long_text,False,5.3848,"A nerve impulse requires the release of neurotransmitters at the axonal bulb of a presynaptic neuron. Which of the following best explains the purpose of neurotransmitters, such as acetylcholine?",They excite or inhibit the postsynaptic neuron
biology\scemqa_biology,biochemistry_enzymes_metabolism,2,scemqa_biology,scemqabiology00010,scemqabiology00010.json,513,20,1,multiple_choice,choice_label,True,6.5866,Which of the following points on the preceding energy chart represents the activation energy of the reaction involving the enzyme?,B
biology\scemqa_biology,biology_other,2,scemqa_biology,scemqabiology00021,scemqabiology00021.json,507,11,2,multiple_choice,short_text,True,5.8105,The bold line that point C intersects is known as the,carrying capacity
biology\scemqa_biology,cell_molecular_genetics,28,scemqa_biology,scemqabiology00044,scemqabiology00044.json,497,14,1,multiple_choice,short_text,False,4.6869,The DNA placed in this electrophoresis gel separates as a result of what characteristic?,Size
biology\scemqa_biology,ecology_food_web_population,17,scemqa_biology,scemqabiology00057,scemqabiology00057.json,502,21,1,multiple_choice,short_text,True,7.3057,The frequency of genotypes for a given trait are given in the accompanying graph. Is this population in Hardy-Weinberg equilibrium?,No
biology\scemqa_biology,evolution_classification,2,scemqa_biology,scemqabiology00029,scemqabiology00029.json,441,24,3,multiple_choice,short_text,False,5.8984,Pre- and post-zygotic barriers exist that prevent two different species from producing viable offspring. All of the following are pre-zygotic barriers EXCEPT,sterility of offspring
biology\scemqa_biology,experimental_graph_data,4,scemqa_biology,scemqabiology00023,scemqabiology00023.json,500,22,2,multiple_choice,numeric_or_unit,True,7.5534,The frequency of genotypes for a given trait are given in the accompanying graph. What is the frequency of the recessive homozygote?,19 percent
biology\scemqa_biology,plant_biology,2,scemqa_biology,scemqabiology00022,scemqabiology00022.json,479,107,25,multiple_choice,long_text,True,9.6777,You carry out an experiment to study transpiration in plants using a two-week-old bean plant. You set up a potometer by cutting the stem of a plant and securing it into clear flexible tubing that has been tightly connected to a calibrated pipette. Water fills the potometer from the plant stem to the tip of the pipet...,Painting the upper leaf surface of most of the leaves with clear nail polish will decrease the rate of transpiration and account for Line C.
biology\sciverse_biology,anatomy_physiology,10,sciverse_biology,sciversebiology00116,sciversebiology00116.json,1044,10,2,multiple_choice,formula_latex,True,5.8715,"In the Section of male pelvis, identify the 92 structure.",$Obturator$ $internus$
biology\sciverse_biology,biochemistry_enzymes_metabolism,7,sciverse_biology,sciversebiology00139,sciversebiology00139.json,363,27,5,multiple_choice,short_text,True,7.1474,Consider the following enzyme pathway: An increase in substance F leads to the inhibition of enzyme 3. All of the following are results of the process EXCEPT,increased activity of enzyme 5
biology\sciverse_biology,biology_other,15,sciverse_biology,sciversebiology00178,sciversebiology00178.json,1016,11,1,multiple_choice,short_text,True,6.1129,Which arrow in the figure points to a large ribosomal unit?,I
biology\sciverse_biology,cell_molecular_genetics,126,sciverse_biology,sciversebiology00148,sciversebiology00148.json,132,10,1,multiple_choice,short_text,True,5.9781,Does 'procee I' in the provided figure indicates reverse transcriptase?,Yes
biology\sciverse_biology,ecology_food_web_population,31,sciverse_biology,sciversebiology00185,sciversebiology00185.json,108,13,1,multiple_choice,numeric_or_unit,True,6.1154,Identify the number of species with no natural predator on this food web.,7
biology\sciverse_biology,evolution_classification,5,sciverse_biology,sciversebiology00207,sciversebiology00207.json,1034,53,4,multiple_choice,formula_latex,True,8.7431,Consider the diagram in the figure regarding a mountainous region. The diagram shows the average winter temperature (left-hand y-axis) at different altitudes (x-axis) and the abundance of three tree species (right-hand y-axis) at different altitudes (x-axis). Which species is/are found below an altitude of 500m?,$\text{Species 1 only}$
biology\sciverse_biology,experimental_graph_data,13,sciverse_biology,sciversebiology00205,sciversebiology00205.json,131,11,1,multiple_choice,short_text,True,5.8791,What part of the graph represents the cooling effect of sweating?,Y
biology\sciverse_biology,life_cycle_development,1,sciverse_biology,sciversebiology00165,sciversebiology00165.json,1028,12,1,multiple_choice,short_text,True,6.1827,What stage of a bacteriophage infection is marked $C$ in the figure?,Biosynthesis
biology\sciverse_biology,plant_biology,11,sciverse_biology,sciversebiology00175,sciversebiology00175.json,139,32,1,multiple_choice,numeric_or_unit,True,7.6095,The graph that follows shows the absorption spectra for individual pigments found inside a chloroplast and the action spectrum for photosynthesis. At what wavelength of light is the rate of photosynthesis greatest?,450
chemistry\emma_chemistry,chemistry_other,13,emma_chemistry,emmachemistry00576,emmachemistry00576.json,1173,9,1,multiple_choice,numeric_or_unit,True,4.9976,<image_1> Which point corresponds to the critical point?,5
chemistry\emma_chemistry,molecular_structure_identification,5,emma_chemistry,emmachemistry00293,emmachemistry00293.json,1166,11,1,open,numeric_or_unit,True,6.5269,How many chirality centers does the following molecule have? <image_1>,5
chemistry\emma_chemistry,transition_state_smiles_selection,846,emma_chemistry,emmachemistry00839,emmachemistry00839.json,633,17,2,multiple_choice,short_text,True,5.6277,"Please choose the SMILES expression of the transition-state structure shown in the image, ignoring the arrows.",*[C+]=N*
chemistry\scemqa_chemistry,acid_base_solution,9,scemqa_chemistry,scemqachemistry00015,scemqachemistry00015.json,409,19,2,multiple_choice,formula_latex,True,7.424,Consider the following table of $K_{sp}$ values. Which compound listed below has the greatest molar solubility in water?,$CaF_2$
chemistry\scemqa_chemistry,chemistry_other,3,scemqa_chemistry,scemqachemistry00110,scemqachemistry00110.json,213,15,3,multiple_choice,short_text,False,4.6322,"When in liquid state, which two substances are most likely to be miscible with water?",methanol and ethanal
chemistry\scemqa_chemistry,electrochemistry_redox,2,scemqa_chemistry,scemqachemistry00098,scemqachemistry00098.json,410,22,3,multiple_choice,short_text,False,5.8458,The solubility of manganese hydroxide ($Mn(OH)_2$) is 2.2e-5 M. What is the $K_{sp}$ of $Mn(OH)_2$?,4.3e-14
chemistry\scemqa_chemistry,equilibrium_kinetics_gas,22,scemqa_chemistry,scemqachemistry00024,scemqachemistry00024.json,352,22,5,multiple_choice,formula_latex,True,6.6677,What is the approximate molar solubility of zinc iodate at 25°C? Zinc iodate dissociates in water via the following equilibrium process,$1.0 \times 10^{-2}$ M
chemistry\scemqa_chemistry,isomer_stereochemistry_nomenclature,3,scemqa_chemistry,scemqachemistry00048,scemqachemistry00048.json,214,14,9,multiple_choice,multi_part_text,False,5.4496,"Between propane and ethene, which will likely have the higher boiling point and why?","propane, because it has a more polarizable electron cloud"
chemistry\scemqa_chemistry,lab_graph_data_interpretation,2,scemqa_chemistry,scemqachemistry00025,scemqachemistry00025.json,383,12,1,multiple_choice,choice_label,True,5.9511,What position on the standing wave shown below corresponds to a crest?,b
chemistry\scemqa_chemistry,molecular_structure_smiles_bonds,26,scemqa_chemistry,scemqachemistry00040,scemqachemistry00040.json,316,13,1,multiple_choice,choice_label,True,6.4896,"In the diagram above, which labeled arrow is pointing toward a hydrogen bond?",4
chemistry\scemqa_chemistry,periodic_atomic_bonding,6,scemqa_chemistry,scemqachemistry00019,scemqachemistry00019.json,240,14,1,multiple_choice,choice_label,True,5.9373,Which of the labeled arrows in the diagram above represents the strongest intermolecular force?,B
chemistry\scemqa_chemistry,stoichiometry_reaction_calculation,32,scemqa_chemistry,scemqachemistry00043,scemqachemistry00043.json,271,18,1,multiple_choice,short_text,True,5.8565,A mass spectrum of a naturally occurring sample of an element is shown above. What is the element?,Ne
chemistry\scemqa_chemistry,thermochemistry_calorimetry,6,scemqa_chemistry,scemqachemistry00052,scemqachemistry00052.json,403,27,1,multiple_choice,short_text,True,6.7232,"On the phase diagram above, segment __________ corresponds to the conditions of temperature and pressure under which the solid and the gas of the substance are in equilibrium.",AC
chemistry\sciverse_chemistry,acid_base_solution,22,sciverse_chemistry,sciversechemistry00195,sciversechemistry00195.json,342,18,1,multiple_choice,formula_latex,True,6.7615,The phase diagram of a substance is given above. The region that corresponds to the solid phase is $\_\_\_\_\_\_\_\_\_\_\_\_\_\_\_\_\_\_\_\_\_$.,$w$
chemistry\sciverse_chemistry,chemistry_other,5,sciverse_chemistry,sciversechemistry00218,sciversechemistry00218.json,322,12,1,multiple_choice,choice_label,True,5.8826,The value of $l$ that is related to the following orbital is:,1
chemistry\sciverse_chemistry,electrochemistry_redox,7,sciverse_chemistry,sciversechemistry00135,sciversechemistry00135.json,348,31,4,multiple_choice,formula_latex,True,8.1444,Consider the following table of $K_{sp}$ values. The solubility of manganese hydroxide ($Mn(OH)_2$) is $2.2 \times 10^{-5}$ M. What is the $K_{sp}$ of $Mn(OH)_2$?,$4.3 \times 10^{-14}$
chemistry\sciverse_chemistry,equilibrium_kinetics_gas,43,sciverse_chemistry,sciversechemistry00157,sciversechemistry00157.json,290,22,5,multiple_choice,formula_latex,True,6.5183,What is the approximate molar solubility of zinc iodate at 25°C? Zinc iodate dissociates in water via the following equilibrium process,$1.0 \times 10^{-2}$ M
chemistry\sciverse_chemistry,isomer_stereochemistry_nomenclature,11,sciverse_chemistry,sciversechemistry00112,sciversechemistry00112.json,1058,12,1,multiple_choice,numeric_or_unit,True,5.914,How many chiral centers are there in morphine (excluding the N center)?,5
chemistry\sciverse_chemistry,lab_graph_data_interpretation,11,sciverse_chemistry,sciversechemistry00244,sciversechemistry00244.json,321,12,1,multiple_choice,formula_latex,True,5.9564,What position on the standing wave shown below corresponds to a crest?,$b$
chemistry\sciverse_chemistry,molecular_structure_smiles_bonds,49,sciverse_chemistry,sciversechemistry00186,sciversechemistry00186.json,1064,9,1,multiple_choice,numeric_or_unit,True,5.7646,How many chirality centers does the following molecule have?,5
chemistry\sciverse_chemistry,organic_reaction_mechanism,1,sciverse_chemistry,sciversechemistry00003,sciversechemistry00003.json,919,59,1,multiple_choice,short_text,True,8.0098,"下列卤代烃 $\ce{CH3CH2CH2Br}$、$\ce{(CH3)3CCl}$、$\ce{CH3CH(Br)CH3}$ 和 $\ce{(CH3)2C(Br)CH3}$ 按 $\mathrm{S_{N}1}$ 反应机理进行反应时,反应最快的是 $\ce{(CH3)3CCl}$。",right
chemistry\sciverse_chemistry,periodic_atomic_bonding,6,sciverse_chemistry,sciversechemistry00145,sciversechemistry00145.json,178,14,1,multiple_choice,formula_latex,True,5.8679,Which of the labeled arrows in the diagram above represents the strongest intermolecular force?,$B$
chemistry\sciverse_chemistry,stoichiometry_reaction_calculation,61,sciverse_chemistry,sciversechemistry00212,sciversechemistry00212.json,345,17,1,multiple_choice,formula_latex,True,6.7681,Which energy difference in the energy profile below corresponds to the activation energy for the forward reaction?,$x$
chemistry\sciverse_chemistry,thermochemistry_calorimetry,31,sciverse_chemistry,sciversechemistry00138,sciversechemistry00138.json,318,17,1,multiple_choice,choice_label,True,6.3482,How many significant digits are present in the temperature read from the thermometer illustrated to the right?,3
circuit\eee_bench,analog_electronics_devices,368,eee_bench,eeebench00980,eeebench00980.json,1108,9,2,multiple_choice,short_text,True,5.929,Which circuit is the correct full wave rectifier circuit?,Circuit C
circuit\eee_bench,circuit_other,280,eee_bench,eeebench00279,eeebench00279.json,399,5,3,multiple_choice,short_text,True,5.8474,The circuit shown in represents,a monostable multivibrator
circuit\eee_bench,control_systems_transfer_function,143,eee_bench,eeebench01737,eeebench01737.json,349,14,2,multiple_choice,short_text,True,6.797,The open-loop frequency response is shown in the figure. The unstable system is ( ).,System (2)
circuit\eee_bench,dc_ac_network_analysis,698,eee_bench,eeebench01022,eeebench01022.json,1215,4,2,multiple_choice,numeric_or_unit,True,5.21,The current \( I \) is ( ).,-1A
circuit\eee_bench,digital_logic_boolean,226,eee_bench,eeebench00454,eeebench00454.json,489,7,3,multiple_choice,short_text,True,6.1263,The circuit shown in the figure is:,CMOS transmission gate
circuit\eee_bench,electromagnetics_fields,24,eee_bench,eeebench01351,eeebench01351.json,384,21,4,multiple_choice,formula_latex,True,7.2858,"As shown in the image, near points \( a \), \( b \), and \( c \) on the charged insulated conductor, the electric field strength is",Maximum at point \( a \)
circuit\eee_bench,measurement_instrumentation,17,eee_bench,eeebench00227,eeebench00227.json,477,13,2,multiple_choice,numeric_or_unit,True,6.5472,"In the circuit shown in the figure, the reading of the ammeter is:",1.5 A
circuit\eee_bench,power_electronics_converters,11,eee_bench,eeebench01090,eeebench01090.json,1351,7,5,multiple_choice,short_text,True,5.6499,Identify the circuit shown in the image.,Binary to Gray code converter
circuit\eee_bench,power_machines_transformers,30,eee_bench,eeebench00732,eeebench00732.json,1590,8,2,multiple_choice,short_text,True,6.5922,The common transformer shown in the figure is ( ).,Power transformer
circuit\eee_bench,sequential_logic_microprocessor,35,eee_bench,eeebench00887,eeebench00887.json,1301,6,1,open,numeric_or_unit,True,5.7111,The circuit forms a ( )-digit counter?,14
circuit\eee_bench,signals_systems_filtering,191,eee_bench,eeebench00653,eeebench00653.json,377,7,3,multiple_choice,short_text,True,5.8996,The circuit in the image is a,low-pass filter
geography\ai2d_geography,agriculture_resources_environment,2,ai2d_geography,ai2d_geography00058,ai2d_geography00058.json,430,4,1,multiple_choice,short_text,True,5.2282,What is labeled F?,soil
geography\ai2d_geography,chart_graph_interpretation,98,ai2d_geography,ai2d_geography00077,ai2d_geography00077.json,543,4,1,multiple_choice,short_text,True,5.2035,Which label represents Jupiter?,J
geography\ai2d_geography,climate_weather_seasons,8,ai2d_geography,ai2d_geography00087,ai2d_geography00087.json,956,5,1,multiple_choice,short_text,True,5.4015,Which season does C represent?,summer
geography\ai2d_geography,earth_sun_moon_space,118,ai2d_geography,ai2d_geography00223,ai2d_geography00223.json,1664,3,1,multiple_choice,short_text,True,4.7081,Label C represents,Earth
geography\ai2d_geography,geography_other,28,ai2d_geography,ai2d_geography00137,ai2d_geography00137.json,1519,4,1,multiple_choice,short_text,True,4.8987,Which planet is biggest?,Jupiter
geography\ai2d_geography,geomorphology_geology_hazards,31,ai2d_geography,ai2d_geography00121,ai2d_geography00121.json,1345,3,1,multiple_choice,short_text,True,5.1664,cool magma becomes?,rock
geography\ai2d_geography,hydrology_ocean_rivers,10,ai2d_geography,ai2d_geography00003,ai2d_geography00003.json,427,5,1,multiple_choice,short_text,True,5.7175,What is the runoff stage?,G
geography\ai2d_geography,map_topography_location,3,ai2d_geography,ai2d_geography00177,ai2d_geography00177.json,2272,8,2,multiple_choice,short_text,True,5.7561,"How many degrees latitude is the letter ""I""?",23.5° S
geography\geosqa,agriculture_resources_environment,101,geosqa,geosqa00443,geosqa00443.json,2766,25,5,multiple_choice,short_text,True,8.2964,"读下图,完成小题。 <image1> 图示区域城镇面临的主要环境问题是()",土地荒漠化
geography\geosqa,chart_graph_interpretation,252,geosqa,geosqa00652,geosqa00652.json,2843,19,2,multiple_choice,short_text,True,8.0175,"读图,完成问题。 <image1> A洋流可能出现在右图中",丁处
geography\geosqa,climate_weather_seasons,372,geosqa,geosqa00351,geosqa00351.json,2870,16,10,multiple_choice,multi_part_text,True,7.8124,"读图,回答问题: <image1> 甲、乙两城市的气候","高温期不同,多雨期相同"
geography\geosqa,earth_sun_moon_space,135,geosqa,geosqa01066,geosqa01066.json,3727,25,6,multiple_choice,multi_part_text,True,8.799,"读图,完成: <image1> 年太阳总辐射量3地小于1地的主要原因是","地势低,云量多"
geography\geosqa,geography_other,165,geosqa,geosqa00739,geosqa00739.json,2377,19,3,multiple_choice,short_text,True,8.101,读下图并回答下列问题。 <image1> 图示水体应属于,地表水
geography\geosqa,geomorphology_geology_hazards,63,geosqa,geosqa00890,geosqa00890.json,3311,27,2,multiple_choice,short_text,True,8.4438,"读图,回答3-4题。 <image1> 指出图中甲、乙、丙、丁四地,位于同一板块的是",丙、丁
geography\geosqa,hydrology_ocean_rivers,106,geosqa,geosqa00088,geosqa00088.json,3681,18,7,multiple_choice,long_text,True,7.5598,"读图,完成问题。 <image1> 该区域河流水文特征是",径流年际变化小
geography\geosqa,map_topography_location,225,geosqa,geosqa01019,geosqa01019.json,3726,14,7,multiple_choice,long_text,True,7.8071,"读图,完成: <image1> 4所在的地形区是",长江中下游平原
geography\geosqa,population_urban_economic,338,geosqa,geosqa00874,geosqa00874.json,1273,18,9,multiple_choice,long_text,True,7.0022,"读下表,完成问题。 <image1> 下列推断最可能的是",丙国人口迁入率最高
math\cmm_math,algebra_equation_inequality,21,cmm_math,cmmmath00001,cmmmath00001.json,19876,33,2,multiple_choice,formula_latex,False,5.812,"$x$ 的不等式 $a x-b<0$ 的解集是 $(1,+\infty)$, 则关于 $x$ 的不等式 $(a x+b)(x-3)>0$ 的解集是( )","$(-1,3)$"
math\cmm_math,coordinate_geometry_transform,18,cmm_math,cmmmath00002,cmmmath00002.json,19894,29,2,multiple_choice,formula_latex,False,5.6868,"已知点 $(-3,-1)$ 和点 $(4,-6)$ 在直线 $3 x-2 y-a=0$ 的两侧, 则 $a$ 的取值范围为 ( )","$(-7,24)$"
math\cmm_math,geometry_angle_chasing,42,cmm_math,cmmmath00019,cmmmath00019.json,18927,21,6,multiple_choice,formula_latex,False,5.4319,"在 $\triangle A B C$ 中, $a=1, \angle A=\frac{\pi}{6}, \angle B=\frac{\pi}{4}$, 则 $C=(\quad)$",$\frac{\sqrt{6}+\sqrt{2}}{2}$
math\cmm_math,linear_programming_constraints,54,cmm_math,cmmmath00010,cmmmath00010.json,19899,30,2,multiple_choice,formula_latex,False,5.6332,"已知 $x, y$ 满足约束条件 $\left\{\begin{array}{l}x-y \geq 0, \\ x+y \leq 2, \\ y \geq 0,\end{array}\right.$围为 ( )","$[-1,1]$"
math\cmm_math,math_other,7,cmm_math,cmmmath00005,cmmmath00005.json,19897,25,1,multiple_choice,choice_label,False,5.4573,"若 $x, y$ 满足 $\left\{\begin{array}{l}x-y+3 \geq 0, \\ x+y+1 \geq 0, \\ x \leq k,\end{array}\right.$",1
math\geometry3k,angle_chasing,500,geometry3k,geometry3k00876,geometry3k00876.json,555,3,1,calculation,numeric_or_unit,True,4.8455,Find $\angle 2$,47
math\geometry3k,area_perimeter,72,geometry3k,geometry3k00395,geometry3k00395.json,587,6,1,calculation,numeric_or_unit,True,5.559,Find the perimeter of the figure.,50
math\geometry3k,circle_arc_chord,77,geometry3k,geometry3k00500,geometry3k00500.json,523,4,1,calculation,numeric_or_unit,True,4.8387,Find $m \widehat{TU}$.,46
math\geometry3k,coordinate_geometry,12,geometry3k,geometry3k00072,geometry3k00072.json,140,7,1,calculation,numeric_or_unit,True,5.3298,Find $x$. (Hint: Draw an auxiliary line.),130
math\geometry3k,diagram_variable_solving,41,geometry3k,geometry3k00253,geometry3k00253.json,374,5,1,calculation,numeric_or_unit,True,5.2618,Find $x$ in the figure.,34
math\geometry3k,math_other,117,geometry3k,geometry3k00824,geometry3k00824.json,164,2,1,calculation,choice_label,True,4.2458,Find AE,4
math\geometry3k,segment_length,34,geometry3k,geometry3k00170,geometry3k00170.json,452,5,1,calculation,numeric_or_unit,True,5.4828,Find the length of $XW$,9
math\geometry3k,similarity_congruence,5,geometry3k,geometry3k00211,geometry3k00211.json,666,8,1,calculation,choice_label,True,5.4166,The pair of polygons is similar. Find AB,4
math\geometry3k,trigonometric_ratio,21,geometry3k,geometry3k00716,geometry3k00716.json,102,3,1,calculation,numeric_or_unit,True,4.9198,find $\sin R$,0.8
math\geoqa_plus,algebra_equation_inequality,12,geoqa_plus,geoqaplus01838,geoqaplus01838.json,201,16,1,multiple_choice,choice_label,True,7.0114,Question: Which is the graph of the function $y=\sqrt{|(1+x)(1-|x|)|}$? <image1>,D
math\geoqa_plus,coordinate_geometry_transform,59,geoqa_plus,geoqaplus00692,geoqaplus00692.json,1059,9,1,open,choice_label,True,5.9501,How many lines of symmetry does this figure have?,2
math\geoqa_plus,counting_probability_combinatorics,60,geoqa_plus,geoqaplus00841,geoqaplus00841.json,1029,14,1,open,numeric_or_unit,True,6.3278,What is the sum of the points on the invisible faces of the dice?,27
math\geoqa_plus,geometry_angle_chasing,1435,geoqa_plus,geoqaplus01229,geoqaplus01229.json,2714,7,1,open,numeric_or_unit,True,5.4294,How many rectangles are in this figure?,11
math\geoqa_plus,geometry_length_area_volume,633,geoqa_plus,geoqaplus01857,geoqaplus01857.json,46,7,1,open,choice_label,True,5.5392,How many numbers are outside the square?,2
math\geoqa_plus,linear_programming_constraints,2,geoqa_plus,geoqaplus01099,geoqaplus01099.json,975,48,1,open,numeric_or_unit,True,7.9811,Each animal in the picture represents a natural number greater than zero. Different animals represent different numbers. The sum of the two numbers in each column is written underneath each column. What is the maximum value the sum of the four numbers in the upper row can have?,20
math\geoqa_plus,math_other,305,geoqa_plus,geoqaplus00754,geoqaplus00754.json,527,3,1,open,numeric_or_unit,True,5.4215,Question: <image1>,15
math\geoqa_plus,measurement_time_units,48,geoqa_plus,geoqaplus01899,geoqaplus01899.json,20,15,1,multiple_choice,short_text,True,5.9377,Which of the figures shown bellow cannot be cut out of the figure illustrated nearby?,E
math\geoqa_plus,number_theory_arithmetic,63,geoqa_plus,geoqaplus01823,geoqaplus01823.json,11,12,1,open,numeric_or_unit,True,6.5761,Now it is 2008. What is the total sum of these digits?,10
math\geoqa_plus,sequence_pattern_logic,36,geoqa_plus,geoqaplus00521,geoqaplus00521.json,1999,15,1,open,numeric_or_unit,True,6.4655,Both rows of the following grid have the same sum. What is the value of $*$?,950
math\geoqa_plus,statistics_data_analysis,33,geoqa_plus,geoqaplus00278,geoqaplus00278.json,462,16,1,open,numeric_or_unit,True,6.9797,Thomas has made a table out of small cubes. How many small cubes did he use?,32
math\geoqa_plus,visual_spatial_puzzle,80,geoqa_plus,geoqaplus00247,geoqaplus00247.json,426,9,1,open,numeric_or_unit,True,5.8518,How many cubes have been taken from the block?,7
math\mathvision,algebra_equation_inequality,11,mathvision,mathvision00032,mathvision00032.json,202,13,1,multiple_choice,choice_label,True,6.4133,Which is the graph of the function $y=\sqrt{|(1+x)(1-|x|)|}$?,D
math\mathvision,coordinate_geometry_transform,64,mathvision,mathvision00323,mathvision00323.json,1060,9,1,open,choice_label,True,5.8701,How many lines of symmetry does this figure have?,2
math\mathvision,counting_probability_combinatorics,49,mathvision,mathvision00499,mathvision00499.json,1030,14,1,open,numeric_or_unit,True,6.3278,What is the sum of the points on the invisible faces of the dice?,27
math\mathvision,geometry_angle_chasing,908,mathvision,mathvision01787,mathvision01787.json,2610,7,1,open,numeric_or_unit,True,4.7275,The degree measure of angle $A$ is,30
math\mathvision,geometry_length_area_volume,496,mathvision,mathvision00213,mathvision00213.json,448,7,1,open,numeric_or_unit,True,5.7335,How many stars are inside the figure?,95
math\mathvision,math_other,174,mathvision,mathvision00598,mathvision00598.json,528,2,1,open,numeric_or_unit,True,5.2138,<image1>,15
math\mathvision,measurement_time_units,36,mathvision,mathvision00091,mathvision00091.json,15,17,1,multiple_choice,short_text,False,5.2466,"Emily celebrated her birthday on Thursday, and her sister Liepa 8 days earlier. Which weekday was that?",Wednesday
math\mathvision,number_theory_arithmetic,42,mathvision,mathvision00945,mathvision00945.json,1294,17,1,open,choice_label,True,6.9943,"Each letter represents a different digit, and each digit a different letter. What digit could G represent?",1
math\mathvision,sequence_pattern_logic,24,mathvision,mathvision00245,mathvision00245.json,585,17,1,open,choice_label,True,6.9509,"Using these tiles, Robert makes different patterns. How many of the patterns shown below can he make?",4
math\mathvision,statistics_data_analysis,32,mathvision,mathvision00412,mathvision00412.json,414,12,3,multiple_choice,formula_latex,True,6.684,This is a multiplication table. Which two letters represent the same number?,$M$ and $T$
math\mathvision,visual_spatial_puzzle,43,mathvision,mathvision00167,mathvision00167.json,1040,18,1,open,numeric_or_unit,True,6.5082,"A cube has all its corners cut off, as shown. How many edges does the resulting shape have?",36
math\mm_math,algebra_equation_inequality,27,mm_math,mmmath02519,mmmath02519.json,52381338.png,25,2,open,formula_latex,True,6.5046,"If the graph of the function $y=kx+b$ is shown in the figure, what is the solution set of the inequality $kx+b>0$?",$x<2$
math\mm_math,coordinate_geometry_transform,407,mm_math,mmmath02400,mmmath02400.json,52380774.png,25,2,open,formula_latex,True,7.2225,"As shown in the figure, the graph of the linear function $y=kx+b$ is depicted. What is the range of $x$ when $y<0$?",$x>2$
math\mm_math,geometry_angle_chasing,3510,mm_math,mmmath01087,mmmath01087.json,53359704_116.png,20,2,open,formula_latex,True,6.7537,"As shown in the figure, in the diamond $ABCD$, $AB=BD=5$, what is the degree measure of $\angle BAC$?",30^\circ
math\mm_math,geometry_length_area_volume,276,mm_math,mmmath00450,mmmath00450.json,52050219.png,20,1,open,numeric_or_unit,False,5.5368,The diagonals of the rhombus $ABCD$ are $AC=6$ and $BD=8$. What is the perimeter of the rhombus $ABCD$?,20
math\mm_math,linear_programming_constraints,1,mm_math,mmmath01183,mmmath01183.json,52423578.png,36,1,open,choice_label,True,9.0111,"As shown in the graph, the function \[ y= \begin{cases} 3-x & (0 \le x \le 2)\\ x-1 & (2 \le x \le 4) \end{cases} \] is illustrated. What is the minimum value of this function?",1
math\mm_math,math_other,2,mm_math,mmmath01041,mmmath01041.json,52304469.png,81,3,calculation,short_text,True,8.8359,"As shown in the figure, points A and B are located at the two ends of a pond. Xiao Cong wants to measure the distance between A and B with a rope, but the rope is not long enough. A classmate suggests: find a point C on the ground that can be directly reached from both A and B, mark D and E as the midpoints of AC an...",AB = 20 m
math\mm_math,measurement_time_units,1,mm_math,mmmath00731,mmmath00731.json,52814879.png,77,51,open,formula_latex,True,8.7437,"As shown in the figure, ship A leaves the port at a speed of 16 nautical miles per hour, heading southeast. At the same time and from the same location, ship B heads southwest. It is known that one and a half hours after leaving the port, they reach points B and A respectively. Given that the distance between points...","\textbf{Solution:} As shown in the diagram: $OA = 16 \times 1.5 = 24$ (nautical miles),\\ $AB = 30$ (nautical miles),\\ By the Pythagorean theorem, we have: $OB = \sqrt{30^2 - 2..."
math\mm_math,visual_spatial_puzzle,5,mm_math,mmmath03557,mmmath03557.json,55025245.png,13,2,open,short_text,True,6.2642,"As shown in the diagram, what is the solid represented by its net?",triangular prism
math\scemqa_math,algebra_equation_inequality,35,scemqa_math,scemqamath00136,scemqamath00136.json,134,13,6,multiple_choice,long_text,True,6.6025,Why is the following not an example of a valid probability density curve?,Because the function cannot be negative
math\scemqa_math,coordinate_geometry_transform,12,scemqa_math,scemqamath00033,scemqamath00033.json,80,8,6,multiple_choice,formula_latex,True,5.8074,Which equation has the slope field shown below?,$\frac{dy}{dx} = \frac{5}{y}$
math\scemqa_math,counting_probability_combinatorics,11,scemqa_math,scemqamath00026,scemqamath00026.json,44,16,1,multiple_choice,numeric_or_unit,True,6.5177,The following is a probability histogram for a discrete random variable X. What is $\mu_x$?,3.3
math\scemqa_math,geometry_angle_chasing,10,scemqa_math,scemqamath00075,scemqamath00075.json,65,28,1,multiple_choice,numeric_or_unit,True,7.0513,"The graph of $f$ for $-1 \leq x \leq 3$ consists of two semicircles, as shown above. What is the value of $\int_{-1}^{3} f(x)\,dx$?",0
math\scemqa_math,geometry_length_area_volume,44,scemqa_math,scemqamath00168,scemqamath00168.json,200,12,1,multiple_choice,numeric_or_unit,True,6.5386,"For the following two-way table, compute the value of chi-squared (χ²).",4.167
math\scemqa_math,math_other,35,scemqa_math,scemqamath00040,scemqamath00040.json,122,9,11,multiple_choice,long_text,True,5.9195,What is the purpose of the chart shown below?,To determine whether there is any correlation between revenue and profit
math\scemqa_math,measurement_time_units,4,scemqa_math,scemqamath00124,scemqamath00124.json,146,32,10,multiple_choice,long_text,True,7.9191,The scatter plot of study time in hours versus test scores in a statistics class is shown below. What can be said about the relationship between time spent studying and test scores?,More time spent studying is related to higher test scores.
math\scemqa_math,statistics_data_analysis,36,scemqa_math,scemqamath00160,scemqamath00160.json,144,8,1,multiple_choice,numeric_or_unit,True,5.3428,What data point is indicated on the distribution?,72.1
math\scemqa_math,visual_spatial_puzzle,2,scemqa_math,scemqamath00131,scemqamath00131.json,23,65,21,multiple_choice,long_text,True,8.7922,"Nutritionists examined the sodium content of different brands of potato chips. Each brand was classified as either healthy or regular based on how the chips were marketed to the public. The sodium contents, in milligrams (mg) per serving, are summarized in the boxplots below. Based on the boxplots, which statement g...",The interquartile range (IQR) of the brands classified as healthy is greater than the IQR of the brands classified as regular.
physics\emma_physics,electromagnetism_circuits,53,emma_physics,emmaphysics00076,emmaphysics00076.json,23,23,12,multiple_choice,formula_latex,True,6.9019,"An asymmetrically shaped conducting shell is uncharged, and contains a point charge \( +q \) as shown above. Which of the following statements is true?",The electric flux through the asymmetric shell is \( \frac{q}{\epsilon_0} \).
physics\emma_physics,graph_data_interpretation,6,emma_physics,emmaphysics00024,emmaphysics00024.json,43,81,1,multiple_choice,numeric_or_unit,True,9.1324,"These days, there are so many stylish rectangular home-designs (see figure A). It is possible from the outline of those houses in their picture to estimate with good precision where the camera was. Consider an outline in one photograph of a rectangular house which has height H = 3 meters (see figure B for square-gri...",0.9
physics\emma_physics,mechanics_kinematics_dynamics,165,emma_physics,emmaphysics00223,emmaphysics00223.json,152,27,1,multiple_choice,choice_label,True,7.4449,An object shown in the accompanying figure moves in uniform circular motion. Which arrow best depicts the net force acting on the object at the instant shown?,B
physics\emma_physics,modern_quantum_nuclear_relativity,1,emma_physics,emmaphysics00103,emmaphysics00103.json,148,12,2,multiple_choice,short_text,True,5.9348,What does the ? represent in the nuclear reaction shown in the image?,a neutron
physics\emma_physics,physics_other,23,emma_physics,emmaphysics00164,emmaphysics00164.json,150,14,2,multiple_choice,formula_latex,True,6.3853,"In the circuit shown, if the ammeter reads zero, what is the resistance R?",6 $\Omega$
physics\emma_physics,thermo_fluids_gases,8,emma_physics,emmaphysics00258,emmaphysics00258.json,59,79,2,multiple_choice,formula_latex,True,9.531,Restore equilibrium A wooden plank of length $1\ \mathrm{m}$ and uniform cross-section is hinged at one end to the bottom of a tank as shown in the figure. The tank is filled with water up to a height $0.5\ \mathrm{m}$. The specific gravity of the plank (ratio of plank density to water density) is 0.5. Find the angl...,\theta=45
physics\emma_physics,waves_optics_sound,10,emma_physics,emmaphysics00253,emmaphysics00253.json,151,21,2,multiple_choice,numeric_or_unit,True,6.8092,A standing wave pattern is established in a string as shown. The wavelength of one of the component traveling waves is?,4 m
physics\multi_physics,astronomy_gravity_orbits,7,multi_physics,multiphysics00377,multiphysics00377.json,812,45,1,multiple_choice,short_text,False,7.0446,设“珞珈一号”在半径为R的圆周轨道上运行，经过时间t，转过的角度为θ。已知引力常量为G。下列说法正确的是( ),BCD
physics\multi_physics,electromagnetism_circuits,141,multi_physics,multiphysics00082,multiphysics00082.json,173,34,1,multiple_choice,short_text,True,7.4937,矩形线框abcd由静止开始运动，若使线框中产生感应电流，则线框的运动情况应该是( ),AD
physics\multi_physics,graph_data_interpretation,8,multi_physics,multiphysics00371,multiphysics00371.json,69,29,11,multiple_choice,long_text,True,7.5164,如图所示为甲、乙两质点从同一点做直线运动的 v-t 图像。由图像可得,在 t=5s 时刻，甲、乙相距 lm
physics\multi_physics,mechanics_kinematics_dynamics,288,multi_physics,multiphysics00230,multiphysics00230.json,26,32,1,multiple_choice,short_text,True,8.043,如图是甲、乙两物体从同一点开始做直线运动的运动图像，下列说法正确的是,BC
physics\multi_physics,modern_quantum_nuclear_relativity,1,multi_physics,multiphysics00477,multiphysics00477.json,data_7_00089,81,7,multiple_choice,long_text,True,8.5235,【2017·江苏卷】如图所示，三块平行放置的带电金属薄板A、B、C中央各有一小孔，小孔分别位于O、M、P点。由O点静止释放的电子恰好能运动到P点。现将C板向右平移到P'点，则由O点静止释放的电子,运动到P点返回
physics\multi_physics,physics_other,61,multi_physics,multiphysics00320,multiphysics00320.json,52,26,1,multiple_choice,short_text,True,7.6225,一质点由静止开始按如图所示的规律运动，下列说法正确的是,AC
physics\multi_physics,thermo_fluids_gases,4,multi_physics,multiphysics00141,multiphysics00141.json,127,59,1,multiple_choice,short_text,True,8.4977,如图8所示，在线圈上端放置一盛有冷水的金属杯，现接通交流电源，过了几分钟，杯内的水沸腾起来。若要缩短上述加热时间，下列措施可行的有（ ）,AB
physics\multi_physics,waves_optics_sound,15,multi_physics,multiphysics00451,multiphysics00451.json,data_8_00106,42,6,multiple_choice,long_text,True,7.8832,如图所示电路，L1发光，L2、L3不亮，A1有读数，A2没有读数，则产生的故障应是（只有一处有故障）。,灯泡L2短路
physics\physreason,electromagnetism_circuits,40,physreason,physreason00648,physreason00648.json,cal_problem_00514,30,2,open,numeric_or_unit,False,6.328,"In a lightning process, the amount of charge flowing is approximately 300 C, and the duration is about 0.005 s. 1. What is the magnitude of the average current formed?",60000 A
physics\physreason,graph_data_interpretation,1,physreason,physreason00196,physreason00196.json,cal_problem_00996,124,12,open,formula_latex,True,10.9122,"In the experiment ""Estimating the Size of Oleic Acid Molecules Using the Oil Film Method,"" an oleic acid-alcohol solution is prepared with a volume ratio of oleic acid to alcohol as $m{\cdot}n$. A syringe is used to draw droplets of this solution, and the total volume of $k$ droplets is measured to be $V$. A single...",$31a^2$ $\frac{m V}{31a^2 k (m + n)}
physics\physreason,mechanics_kinematics_dynamics,788,physreason,physreason00378,physreason00378.json,cal_problem_00706,38,1,calculation,numeric_or_unit,False,6.4484,"The frequency of the car horn decreases from $1200\mathrm{Hz}$ to $1000\mathrm{Hz}$, and the speed of sound in air is known to be $330\mathrm{m/s}$. 1. Find the magnitude of the car's velocity.",30
physics\physreason,physics_other,27,physreason,physreason00169,physreason00169.json,cal_problem_01167,43,4,calculation,formula_latex,True,7.6621,"A streetlight is at a height $h$ above the ground. A person of height $L$ is walking at a constant speed $v$, as shown in the figure. Find the rate of change of the length of the person's shadow with respect to time.",$\frac{Lv}{h-L}$
physics\physreason,thermo_fluids_gases,13,physreason,physreason00652,physreason00652.json,cal_problem_00200,109,6,calculation,formula_latex,True,9.9712,"A certain medicine bottle has a volume of $0.9\mathsf{m L}$, containing $0.5\mathsf{m L}$ of liquid medication, and the gas pressure inside the bottle is $1.0 \times 10^{5}\mathrm{Pa}$. A nurse injects gas from a syringe with a cross-sectional area of $0.3\mathrm{cm}^{2}$, a length of $0.4\mathsf{c m}$, and a pressu...",1.3 \times 10^{5}\mathrm{Pa}
physics\physreason,waves_optics_sound,36,physreason,physreason00413,physreason00413.json,cal_problem_00705,76,2,calculation,numeric_or_unit,False,7.7326,"Two sound sources $\mathrm{S}_{1}$ and $\mathrm{S}_{2}$, vibrating at a constant and synchronous frequency, are placed 12 m apart. An observer moves along the line connecting $\mathrm{S}_{1}$ and $\mathrm{S}_{2}$ and hears fluctuations in the volume, with one of the positions of minimum volume being 5 m away from $\...",85 Hz
physics\phyx,astronomy_gravity_orbits,2,phyx,phyx01042,phyx01042.json,766,24,2,multiple_choice,formula_latex,True,6.8636,"A student on Planet Exidor throws a ball, and it follows the parabolic trajectory shown in figure. What was the ball’s launch angle?",63^\circ
physics\phyx,electromagnetism_circuits,130,phyx,phyx00435,phyx00435.json,587,11,2,multiple_choice,formula_latex,True,6.3618,Based on the figure. Determine the capacitive reactance of the capacitor.,80\ \Omega\
physics\phyx,graph_data_interpretation,10,phyx,phyx00755,phyx00755.json,697,25,2,multiple_choice,numeric_or_unit,True,6.9907,The figure is a graph of \( E_{x} \). What is the potential difference between \( x_{i} = 1.0 \ \mathrm{m} \) and \( x_{f} = 3.0 \ \mathrm{m} \)?,200V
physics\phyx,mechanics_kinematics_dynamics,506,phyx,phyx00852,phyx00852.json,764,15,4,multiple_choice,formula_latex,True,6.8912,As shown in the figure. Determine the object’s velocity at times t = 8 s.,30 \mathrm{m/s}
physics\phyx,modern_quantum_nuclear_relativity,10,phyx,phyx00423,phyx00423.json,235,22,4,multiple_choice,formula_latex,True,7.2436,A hypothetical atom is shown in figure. What is the highest frequencies of the spectral lines this atom can emit when excited?,\( 7.25 \times 10^{14} \)
physics\phyx,physics_other,132,phyx,phyx01052,phyx01052.json,871,8,1,multiple_choice,numeric_or_unit,True,6.0796,As shown in the figure. Find the COP.,2.4
physics\phyx,thermo_fluids_gases,151,phyx,phyx00896,phyx00896.json,1338,13,2,multiple_choice,numeric_or_unit,True,6.7482,Figure shows a Carnot heat engine driving a Carnot refrigerator. Determine $Q_3$.,2500 J
physics\phyx,waves_optics_sound,198,phyx,phyx00441,phyx00441.json,938,9,2,multiple_choice,numeric_or_unit,True,5.4617,As shown in the figure What is the wavelength?,0.8 m
physics\sciverse_physics,astronomy_gravity_orbits,2,sciverse_physics,sciversephysics00154,sciversephysics00154.json,1086,21,7,multiple_choice,long_text,True,7.1931,The elliptical orbit of a planet around the Sun is shown on the diagram. Which of the following statements is true?,the Sun might be at point B
physics\sciverse_physics,electromagnetism_circuits,34,sciverse_physics,sciversephysics00197,sciversephysics00197.json,1096,18,1,multiple_choice,choice_label,True,6.5554,Which graph shows how power dissipated $P$ varies with current $I$ in a component that obeys Ω's law?,A
physics\sciverse_physics,graph_data_interpretation,5,sciverse_physics,sciversephysics00206,sciversephysics00206.json,1084,30,3,multiple_choice,numeric_or_unit,True,7.5307,The diagram shows a uniformly accelerating ball. The position of the ball each second is indicated.\text{What is the average speed of the ball between 3 and 4s?}$,7.0cm/s
physics\sciverse_physics,mechanics_kinematics_dynamics,146,sciverse_physics,sciversephysics00193,sciversephysics00193.json,41,15,1,multiple_choice,numeric_or_unit,True,6.393,"Consider the following circuit, At what rate does the battery deliver energy to the circuit?",240
physics\sciverse_physics,modern_quantum_nuclear_relativity,1,sciverse_physics,sciversephysics00213,sciversephysics00213.json,1103,13,2,multiple_choice,short_text,True,5.3389,"As shown in the figure, what does the '?' represent in the nuclear reaction?",a neutron
physics\sciverse_physics,physics_other,27,sciverse_physics,sciversephysics00151,sciversephysics00151.json,1115,11,2,multiple_choice,multi_part_text,True,5.9361,Determine if the circuit shown in the figure is in saturation.,"yes, saturation"
physics\sciverse_physics,thermo_fluids_gases,3,sciverse_physics,sciversephysics00148,sciversephysics00148.json,1007,38,4,multiple_choice,formula_latex,True,7.5239,"The size of the two insulation of the two thermal lines of the ideal gas Carnot Corino (figure shows the shadow part) is $ s_{1} $ and $ s_{2} $, then the two of the twoLarge and small relationships are ()",$S_{1} $ = $s_{2} $
physics\sciverse_physics,waves_optics_sound,21,sciverse_physics,sciversephysics00191,sciversephysics00191.json,241,15,1,multiple_choice,choice_label,True,6.5657,"For the diverging lens shown above, which principle ray is correctly drawn? Select one answer.",1
physics\seephys,astronomy_gravity_orbits,6,seephys,seephys01201,seephys01201.json,1360,29,4,open,formula_latex,False,5.858,"欲使卫星完全脱离地球的束缚,则 $u_{1}$ 的最小值应为多大?以 $u_{0}$ 表示",$\sqrt{2} u_{0}$
physics\seephys,electromagnetism_circuits,323,seephys,seephys00684,seephys00684.json,69,6,2,open,formula_latex,True,5.6384,Which resistor dissipates the most power?,$R_{1}$
physics\seephys,graph_data_interpretation,12,seephys,seephys01411,seephys01411.json,412,26,4,open,formula_latex,True,7.5698,The position vs. time graph of an object moving on a horizontal line is shown. At what time is the object moving with its greatest speed?,"$t=3.0 \, \mathrm{s}$"
physics\seephys,mechanics_kinematics_dynamics,767,seephys,seephys00370,seephys00370.json,156,15,1,open,numeric_or_unit,True,6.3888,"For the inclined plane shown, what is the value of the incline's ideal mechanical advantage?",1.67
physics\seephys,modern_quantum_nuclear_relativity,14,seephys,seephys01119,seephys01119.json,891,40,3,calculation,formula_latex,True,8.9009,A student investigates a radioactive substance in a laboratory. Fig. 11.1 is a graph showing the count rate detected as the substance decays for 7.5 minutes. The background radiation is 20 counts/min. Determine the half-life of the substance.,$2.4 \mathrm{~min}$
physics\seephys,physics_other,156,seephys,seephys01416,seephys01416.json,214,10,1,open,short_text,True,6.0471,"In the following circuit diagram, will all the bulbs light?",Yes
physics\seephys,thermo_fluids_gases,52,seephys,seephys00343,seephys00343.json,148,25,2,calculation,formula_latex,True,7.5541,A student uses a negative temperature coefficient thermistor in the circuit of Fig. 7.1 to indicate changes in temperature. Calculate the potential at point X.,$0.40 V$
physics\seephys,waves_optics_sound,169,seephys,seephys00950,seephys00950.json,413,22,2,open,short_text,True,6.9075,A ray of light is incident onto a thin glass lens as shown. Which arrow indicates the path of the refracted ray?,Arrow E
