dataset,canonical_sample_id,sample_file,source_problem_id,final_category,final_category_zh,question,question_zh,translation_status,answer,question_units,complexity_index,multi_step_score,visual_kinds
biology\scemqa_biology,scemqabiology00000,scemqabiology00000.json,431,cell_molecular_genetics,细胞、分子与遗传,"The cell cycle is a series of events in the life of a dividing eukaryotic cell. It consists of four stages: G1, S, G2, and M. The duration of the cell cycle varies from one species to another and from one cell type to another. The G1 phase varies the most. For example, embryonic cells can pass through the G1 phase so quickly that it hardly exists, whereas neurons are arrested in the cell cycle and do not divide. During which phase do chromosomes replicate?",,not_translated_in_full_list,S,89,8.7378,0.4817,
biology\scemqa_biology,scemqabiology00001,scemqabiology00001.json,447,cell_molecular_genetics,细胞、分子与遗传,Which of the following statements accurately accounts for the shape of the graph?,,not_translated_in_full_list,The rate of photosynthesis increases until the light-harvesting apparatus in the thylakoid membranes become saturated and cannot make use of additional light,13,6.4951,0.3017,chart_like
biology\scemqa_biology,scemqabiology00002,scemqabiology00002.json,443,cell_molecular_genetics,细胞、分子与遗传,"The following synthetic pathway of a pyrimidine, cytidine 5' triphosphate, CTP, begins with the condensation of two small molecules by the enzyme, aspartate transcarbamylase (ATCase). Which of the following is true when the level of CTP is low in a cell?",,not_translated_in_full_list,The metabolic traffic down the pathway increases.,41,7.6132,0.3647,generic_visual
biology\scemqa_biology,scemqabiology00003,scemqabiology00003.json,420,cell_molecular_genetics,细胞、分子与遗传,Which of the following DNA strands would serve as a template for the amino acid sequence shown above?,,not_translated_in_full_list,3′-TACGGTGATCGTGCA-5′,18,6.8762,0.3017,generic_visual
biology\scemqa_biology,scemqabiology00004,scemqabiology00004.json,508,ecology_food_web_population,生态、食物网与种群,"On the basis of what happens at the end of this chart, what is the most likely explanation for the population decline after point E?",,not_translated_in_full_list,There was a major environmental shift that made survival impossible for many.,25,6.7813,0.3467,chart_like
biology\scemqa_biology,scemqabiology00005,scemqabiology00005.json,454,plant_biology,植物结构与功能,"Two ecologists, Peter and Rosemary Grant, spent thirty years observing, tagging, and measuring finches (a type of bird) in the Galápagos Islands. They made their observations on Daphne Major—one of the most desolate of the Galápagos Islands. It is an uninhabited volcanic cone where only low to the ground cacti and shrubs grow. During 1977, there was a severe drought and seeds of all kinds became scarce. The small, soft seeds were quickly eaten by the birds, leaving mainly large, tough seeds t...",,not_translated_in_full_list,Finches with larger beaks were able to eat the tougher seeds and were healthier and reproduced more offspring that inherited the trait for wider beaks,120,7.6416,0.4097,
biology\scemqa_biology,scemqabiology00006,scemqabiology00006.json,484,ecology_food_web_population,生态、食物网与种群,"In the microscopic world of a pond, paramecia are ferocious predators that prey on smaller protists. In a classic experiment, two species of paramecia were grown separately in culture. The species in culture A was P. caudatum. The species in culture B was P. bursaria. Then the two species were combined in one culture dish (culture C). Which of the following is the most likely explanation for the growth pattern of the two populations combined in culture C?",,not_translated_in_full_list,P.caudatum and P. bursaria occupy different niches,78,7.9996,0.3197,generic_visual
biology\scemqa_biology,scemqabiology00007,scemqabiology00007.json,423,anatomy_physiology,解剖与生理结构,"A scientist studies the storage and distribution of oxygen in humans and Weddell seals to examine the physiological adaptations that permit seals to descend to great depths and stay submerged for extended periods. The figure depicts the oxygen storage in both organisms. Compared with humans, approximately how many liters of oxygen does the Weddell seal store per kilogram of body weight?",,not_translated_in_full_list,Twice the amount of oxygen,61,8.1719,0.3017,wide_diagram
biology\scemqa_biology,scemqabiology00008,scemqabiology00008.json,434,cell_molecular_genetics,细胞、分子与遗传,"The cell cycle is a series of events in the life of a dividing eukaryotic cell. It consists of four stages: G1, S, G2, and M. The duration of the cell cycle varies from one species to another and from one cell type to another. The G1 phase varies the most. For example, embryonic cells can pass through the G1 phase so quickly that it hardly exists, whereas neurons are arrested in the cell cycle and do not divide. Since neurons are destined never to divide again, what conclusion can be made?",,not_translated_in_full_list,These cells will be permanently arrested in the G1 phase.,96,8.4928,0.4817,
biology\scemqa_biology,scemqabiology00009,scemqabiology00009.json,526,experimental_graph_data,实验与数据图表,"A student sets up a lab experiment to study the behavior of slugs. She uses a 1-square-meter tray filled with soil and divides it into four quadrants with different conditions. She places 20 slugs in the tray, 5 in each quadrant. After 20 minutes, all 20 slugs are in the high-temperature, low-salinity quadrant. What kind of animal behavior has this experiment displayed?",,not_translated_in_full_list,Kinesis,66,7.8395,0.4727,
biology\scemqa_biology,scemqabiology00010,scemqabiology00010.json,513,biochemistry_enzymes_metabolism,生化酶与代谢,Which of the following points on the preceding energy chart represents the activation energy of the reaction involving the enzyme?,,not_translated_in_full_list,B,20,6.5866,0.3017,chart_like
biology\scemqa_biology,scemqabiology00011,scemqabiology00011.json,491,cell_molecular_genetics,细胞、分子与遗传,"The agave, or century plant, generally grows in arid climates with unpredictable rainfall and poor soil. The plant exhibits what is commonly called big bang reproduction. An agave grows for years, accumulating nutrients in its tissues until there is an unusually wet year. Then it sends up a large flowering stalk, produces seeds, and dies. Which of the following statements gives the most likely explanation for how the agave plant has evolved this unusual life strategy?",,not_translated_in_full_list,"This particular life strategy was selected for by the harsh, desert environment.",76,7.2145,0.3967,
biology\scemqa_biology,scemqabiology00012,scemqabiology00012.json,461,cell_molecular_genetics,细胞、分子与遗传,Four vials were set up to investigate bacterial transformation. Vials 1 and 2 each contained E. coli bacteria that had been made competent and had then been mixed with a plasmid containing the gene for ampicillin (pAMP) resistance. Vials 3 and 4 both contained E. coli that had also been made competent but had not been mixed with a plasmid. Each vial of bacteria was poured onto a nutrient agar plate. Vials 1 and 3 were poured onto plates that contained the antibiotic ampicillin. Vials 2 and 4...,,not_translated_in_full_list,Plate 1 only,153,11.1914,0.6127,wide_diagram
biology\scemqa_biology,scemqabiology00013,scemqabiology00013.json,428,ecology_food_web_population,生态、食物网与种群,The graph below shows the growth curve of a bacterial culture. Which of the following shows the exponential growth curve of the population?,,not_translated_in_full_list,4,23,6.9715,0.3467,chart_like
biology\scemqa_biology,scemqabiology00014,scemqabiology00014.json,487,ecology_food_web_population,生态、食物网与种群,Here is a figure showing the change in one ancestral population of birds over time. Which of the following statements best supports the evidence presented in the picture?,,not_translated_in_full_list,The environment stayed the same for long periods of time,28,7.7876,0.3467,generic_visual
biology\scemqa_biology,scemqabiology00015,scemqabiology00015.json,429,ecology_food_web_population,生态、食物网与种群,The following bar graph shows the relative biomass of four different populations of a particular food pyramid. The largest amount of energy is available to,,not_translated_in_full_list,population B,25,7.5452,0.3017,chart_like
biology\scemqa_biology,scemqabiology00016,scemqabiology00016.json,492,cell_molecular_genetics,细胞、分子与遗传,"Molecule A is serine and has polar side chains. Molecule B is lysine, which is basic and positively charged. Molecule C is glutamate, which is acidic and negatively charged. Molecule D is glycine and has nonpolar side chains. Which of the following statements is correct about these amino acids?",,not_translated_in_full_list,Only Molecule D can readily dissolve through a plasma membrane.,49,7.2777,0.4417,
biology\scemqa_biology,scemqabiology00017,scemqabiology00017.json,535,cell_molecular_genetics,细胞、分子与遗传,"Diabetes mellitus is a disease characterized by an inability of the cells to properly produce (type I) or respond (type II) to insulin, a hormone produced by the pancreas in response to high levels of blood glucose. Without insulin, glucose accumulates in the blood. In situations of low blood glucose, another pancreatic enzyme, glucagon, is released, which triggers the process of gluconeogenesis, shown on the right side of the pathway below. The stimulators, activators, or inhibitors of each...",,not_translated_in_full_list,After eating a cookie,104,7.5898,0.4507,
biology\scemqa_biology,scemqabiology00018,scemqabiology00018.json,426,cell_molecular_genetics,细胞、分子与遗传,"The graph shows the oxygen dissociation curves of maternal hemoglobin and fetal hemoglobin. Based on the graph, it can be concluded that",,not_translated_in_full_list,fetal hemoglobin has a higher affinity for O2 than does maternal hemoglobin,22,7.6058,0.3467,chart_like
biology\scemqa_biology,scemqabiology00019,scemqabiology00019.json,457,biology_other,生物综合识图,"Answer the following two questions based on this pedigree for the biochemical disorder known as alkaptonuria. Affected individuals are unable to break down a substance called alkapton, which colors the urine black and stains body tissues. Otherwise, the condition is of no consequence. Males are shown as squares, females as circles. Afflicted individuals are shown in black. If there is a carrier condition, it is not displayed. Which of the following statement is supported by the information gi...",,not_translated_in_full_list,"If parents 1 and 2 in row II have another child, the chance that the child would be afflicted with alkaptonuria is 25%.",81,9.0435,0.4867,geometry_diagram
biology\scemqa_biology,scemqabiology00020,scemqabiology00020.json,468,cell_molecular_genetics,细胞、分子与遗传,"Scientists carried out a series of experiments to study innate immunity in fruit flies. They began with a mutant fly strain in which a pathogen is recognized, but the signaling that would normally trigger an innate response is blocked. As a result, the flies did not make any antimicrobial peptides (AMPs). The researchers then genetically engineered some of the mutant flies to express significant amounts of a single AMP, either defensin or drosomycin. They then infected the flies with a fungus...",,not_translated_in_full_list,Drosomycin provided immunity against the fungal infection.,140,11.5195,0.6217,chart_like
biology\scemqa_biology,scemqabiology00021,scemqabiology00021.json,507,biology_other,生物综合识图,The bold line that point C intersects is known as the,,not_translated_in_full_list,carrying capacity,11,5.8105,0.2567,geometry_diagram
biology\scemqa_biology,scemqabiology00022,scemqabiology00022.json,479,plant_biology,植物结构与功能,You carry out an experiment to study transpiration in plants using a two-week-old bean plant. You set up a potometer by cutting the stem of a plant and securing it into clear flexible tubing that has been tightly connected to a calibrated pipette. Water fills the potometer from the plant stem to the tip of the pipette. You measure water loss from your potometer at 10-minute intervals and plot your data on the graph as Line B. You then explore what happens if you expose the plant to different...,,not_translated_in_full_list,Painting the upper leaf surface of most of the leaves with clear nail polish will decrease the rate of transpiration and account for Line C.,107,9.6777,0.5137,chart_like
biology\scemqa_biology,scemqabiology00023,scemqabiology00023.json,500,experimental_graph_data,实验与数据图表,The frequency of genotypes for a given trait are given in the accompanying graph. What is the frequency of the recessive homozygote?,,not_translated_in_full_list,19 percent,22,7.5534,0.3467,chart_like
biology\scemqa_biology,scemqabiology00024,scemqabiology00024.json,421,cell_molecular_genetics,细胞、分子与遗传,"If a mutation occurs in which uracil is deleted from the messenger RNA after methionine is translated, which of the following represents the resulting amino acid sequence?",,not_translated_in_full_list,Methionine–proline–glutamine–histidine,27,7.052,0.3917,generic_visual
biology\scemqa_biology,scemqabiology00025,scemqabiology00025.json,537,ecology_food_web_population,生态、食物网与种群,"A population of goldfish in a large, isolated pond were studied in 1958 and again in 2008. The fishes' pigment level varied from pale white-orange fish to dark brown-orange fish. The color of each of the fish was recorded in the figure below. Which addition to the pond did NOT likely contribute to the change between 1958 and 2008?",,not_translated_in_full_list,A poisonous fish with a medium orange pigment,61,8.8889,0.4097,generic_visual
biology\scemqa_biology,scemqabiology00026,scemqabiology00026.json,418,experimental_graph_data,实验与数据图表,"The brain of the frog is destroyed. A piece of acid-soaked paper is applied to the frog's skin. Every time the piece of paper is placed on its skin, one leg moves upward. Which of the following conclusions is best supported by the experiment?",,not_translated_in_full_list,This reflex action bypasses the brain,45,6.2231,0.3107,
biology\scemqa_biology,scemqabiology00027,scemqabiology00027.json,424,anatomy_physiology,解剖与生理结构,"A scientist studies the storage and distribution of oxygen in humans and Weddell seals to examine the physiological adaptations that permit seals to descend to great depths and stay submerged for extended periods. The figure below depicts the oxygen storage in both organisms. During a dive, a Weddell seal's blood flow to the abdominal organs is shut off and oxygen-rich blood is diverted to the eyes, brain, and spinal cord. Which of the following is the most likely reason for this adaptation?",,not_translated_in_full_list,To increase the amount of oxygen reaching the central nervous system,83,8.7004,0.3557,wide_diagram
biology\scemqa_biology,scemqabiology00028,scemqabiology00028.json,521,ecology_food_web_population,生态、食物网与种群,"A population of rodents is studied over the course of 100 generations to examine changes in dental enamel thickness. Species that are adapted to eat food resources that require high levels of processing have thicker enamel than do those that eat softer, more easily processed foods. Answer the following questions using this information and the curves that follow. How is average enamel thickness changing in this population?",,not_translated_in_full_list,It is increasing.,67,7.7903,0.3017,chart_like
biology\scemqa_biology,scemqabiology00029,scemqabiology00029.json,441,evolution_classification,进化与分类,Pre- and post-zygotic barriers exist that prevent two different species from producing viable offspring. All of the following are pre-zygotic barriers EXCEPT,,not_translated_in_full_list,sterility of offspring,24,5.8984,0.3287,
biology\scemqa_biology,scemqabiology00030,scemqabiology00030.json,474,experimental_graph_data,实验与数据图表,A group of scientists wished to learn about the energy efficiency of different modes of locomotion. They studied the literature that was based on accurate measurements and produced this graph based on the data they analyzed. Which of the following statements accurately describes what the scientists discovered?,,not_translated_in_full_list,Running is the least energy-efficient means of locomotion.,47,8.5877,0.4367,chart_like
biology\scemqa_biology,scemqabiology00031,scemqabiology00031.json,437,anatomy_physiology,解剖与生理结构,"The following graphs show the permeability of ions during an action potential in a ventricular contractile cardiac fiber. The action potential of cardiac muscle fibers resembles that of skeletal muscles. In cardiac fibers, the duration of an action potential is approximately",,not_translated_in_full_list,0.30 secs,41,7.2868,0.2567,chart_like
biology\scemqa_biology,scemqabiology00032,scemqabiology00032.json,432,cell_molecular_genetics,细胞、分子与遗传,"The cell cycle is a series of events in the life of a dividing eukaryotic cell. It consists of four stages: G1, S, G2, and M. The duration of the cell cycle varies from one species to another and from one cell type to another. The G1 phase varies the most. For example, embryonic cells can pass through the G1 phase so quickly that it hardly exists, whereas neurons are arrested in the cell cycle and do not divide. In mammalian cells, the first sign of prophase is the",,not_translated_in_full_list,appearance of chromosomes,93,8.4073,0.4367,
biology\scemqa_biology,scemqabiology00033,scemqabiology00033.json,475,cell_molecular_genetics,细胞、分子与遗传,"Oxygen is carried in the blood by the respiratory pigment hemoglobin, which can combine loosely with four oxygen molecules to form the molecule oxyhemoglobin. To function properly, hemoglobin must bind to oxygen in the lungs and drop it off at body cells. The more easily the hemoglobin bonds to oxygen in the lungs, the more difficult for the hemoglobin to unload the oxygen at the body cells. Here is a graph showing two different saturation-dissociation curves for one type of hemoglobin at two...",,not_translated_in_full_list,"When CO2 levels in the blood are high, as shown in hemoglobin B, hemoglobin releases oxygen more readily.",107,9.8456,0.4957,chart_like
biology\scemqa_biology,scemqabiology00034,scemqabiology00034.json,531,evolution_classification,进化与分类,The following diagram demonstrates the ecological succession that occurs in an environment over time as it is colonized by different species. Why does it take 75 years for a beech-maple to occur in the figure above?,,not_translated_in_full_list,Maple trees grow better in a pine forest than they do in a grassland.,37,7.693,0.3107,wide_diagram
biology\scemqa_biology,scemqabiology00035,scemqabiology00035.json,470,ecology_food_web_population,生态、食物网与种群,"An experiment was carried out with guppies, which are brightly colored, popular, aquarium fish. Three hundred guppies were added to 12 large pools. Cichlids, a voracious predator, were added to 4 of the pools. Killifish that rarely eat guppies were added to 4 other pools. No other fish were added to the last 4 pools. After 16 months, a time period that represents 10 generations for guppies, all the guppies were analyzed for size and coloration. Here are the data. Which of the following statem...",,not_translated_in_full_list,Evolution does not always require millions of years,92,11.31,0.5767,geometry_diagram
biology\scemqa_biology,scemqabiology00036,scemqabiology00036.json,495,ecology_food_web_population,生态、食物网与种群,"A behavioral endocrinologist captures male individuals of a territorial bird species over the course of a year to measure testosterone (T) levels. In this population, males may play one of two roles: (1) they may stay in their natal group (the group they were born in) and help raise their younger siblings, or (2) they may leave the natal group to establish a new territory. Use this information and the two histograms that follow to answer the following question: What can you infer about the ro...",,not_translated_in_full_list,It aids in breeding,93,9.0449,0.4187,generic_visual
biology\scemqa_biology,scemqabiology00037,scemqabiology00037.json,451,cell_molecular_genetics,细胞、分子与遗传,"Oxygen is carried in the blood by the respiratory pigment hemoglobin, which can combine loosely with four oxygen molecules, forming the molecule oxyhemoglobin. To function properly, hemoglobin must bind to oxygen in the lungs and drop it off at body cells. The more easily the hemoglobin binds to oxygen in the lungs, the more difficult the oxygen is to unload at the body cells. Here is a graph showing two different saturation-dissociation curves for one type of hemoglobin at two different pH l...",,not_translated_in_full_list,"In an acidic environment, hemoglobin drops off oxygen more easily at body cells",104,10.0542,0.4957,chart_like
biology\scemqa_biology,scemqabiology00038,scemqabiology00038.json,419,anatomy_physiology,解剖与生理结构,"A nerve impulse requires the release of neurotransmitters at the axonal bulb of a presynaptic neuron. Which of the following best explains the purpose of neurotransmitters, such as acetylcholine?",,not_translated_in_full_list,They excite or inhibit the postsynaptic neuron,29,5.3848,0.3017,
biology\scemqa_biology,scemqabiology00039,scemqabiology00039.json,494,ecology_food_web_population,生态、食物网与种群,"A behavioral endocrinologist captures male individuals of a territorial bird species over the course of a year to measure testosterone (T) levels. In this population, males may play one of two roles: (1) they may stay in their natal group (the group they were born in) and help raise their younger siblings, or (2) they may leave the natal group to establish a new territory. Use this information and the two histograms to answer the following question. Testosterone level in this population may b...",,not_translated_in_full_list,an adaptation,87,8.845,0.3737,generic_visual
biology\scemqa_biology,scemqabiology00040,scemqabiology00040.json,430,ecology_food_web_population,生态、食物网与种群,The following bar graph shows the relative biomass of four different populations of a particular food pyramid. Which of the following would be the most likely result if there was an increase in the number of organisms in population C?,,not_translated_in_full_list,The biomass of population B will decrease.,40,8.1087,0.3917,chart_like
biology\scemqa_biology,scemqabiology00041,scemqabiology00041.json,510,cell_molecular_genetics,细胞、分子与遗传,"The solutions in the two arms of this U-tube are separated by a membrane that is permeable to water and sodium chloride, but not to sucrose. Side A is filled with a solution of 0.6 M sucrose and 0.2 M sodium chloride (NaCl), and side B is filled with a solution of 0.2 M sucrose and 0.3 M NaCl. Initially, the volume on both sides is the same. If you examine side A after a couple of days, you will see",,not_translated_in_full_list,an increase in the concentration of NaCl and an increase in the water level,82,7.8365,0.4453,
biology\scemqa_biology,scemqabiology00042,scemqabiology00042.json,459,cell_molecular_genetics,细胞、分子与遗传,Four vials were set up to investigate bacterial transformation. Vials 1 and 2 each contained E. coli bacteria that had been made competent and had then been mixed with a plasmid containing the gene for ampicillin (pAMP) resistance. Vials 3 and 4 both contained E. coli that had also been made competent but had not been mixed with a plasmid. Each vial of bacteria was poured onto a nutrient agar plate. Vials 1 and 3 were poured onto plates that contained the antibiotic ampicillin. Vials 2 and 4...,,not_translated_in_full_list,Those bacteria were not transformed.,134,11.1181,0.5947,wide_diagram
biology\scemqa_biology,scemqabiology00043,scemqabiology00043.json,458,cell_molecular_genetics,细胞、分子与遗传,Four vials were set up to investigate bacterial transformation. Vials 1 and 2 each contained competent E. coli mixed with a plasmid containing the gene for ampicillin resistance. Vials 3 and 4 contained competent E. coli that were not mixed with a plasmid. Each vial of bacteria was poured onto a nutrient agar plate. Vials 1 and 3 were poured onto plates containing ampicillin. Vials 2 and 4 were poured onto plates without ampicillin. The figure shows what the nutrient agar plates looked like....,,not_translated_in_full_list,Plate 1 only,107,10.8042,0.5857,wide_diagram
biology\scemqa_biology,scemqabiology00044,scemqabiology00044.json,497,cell_molecular_genetics,细胞、分子与遗传,The DNA placed in this electrophoresis gel separates as a result of what characteristic?,,not_translated_in_full_list,Size,14,4.6869,0.3017,
biology\scemqa_biology,scemqabiology00045,scemqabiology00045.json,449,anatomy_physiology,解剖与生理结构,"Chronically high levels of glucocorticoids can result in obesity, muscle weakness, and depression. This looks like several diseases but actually is only one, Cushing syndrome. Excessive activity of either the pituitary or the adrenal gland can cause the disease. To determine which gland has abnormal activity in a particular patient, doctors use the drug dexamethasone, a synthetic glucocorticoid that blocks ACTH (adrenocorticotropic hormone) release. Based on the graph, which gland is affected...",,not_translated_in_full_list,"The adrenal gland, because the pituitary is prevented from stimulating the adrenal glands, and yet cortisol levels are still high.",86,9.0178,0.5047,chart_like
biology\scemqa_biology,scemqabiology00046,scemqabiology00046.json,511,biochemistry_enzymes_metabolism,生化酶与代谢,"If inhibitor 1 is able to bind to the active site and block the attachment of the substrate to the enzyme, this is an example of",,not_translated_in_full_list,competitive inhibition,26,5.9592,0.3467,
biology\scemqa_biology,scemqabiology00047,scemqabiology00047.json,532,cell_molecular_genetics,细胞、分子与遗传,"Embryogenesis is a carefully timed and well-organized process. As a single-celled zygote divides and grows into hundreds and thousands of cells, a process called differentiation occurs wherein certain areas of the embryo become specialized to become different types of tissue. As differentiation continues, the level of specificity increases, and the cell potency decreases until highly specialized unique tissues and organs develop. The figure below shows 12 stages of development of human embryo...",,not_translated_in_full_list,8-cell zygote,93,9.8003,0.4547,dense_diagram
biology\scemqa_biology,scemqabiology00048,scemqabiology00048.json,529,cell_molecular_genetics,细胞、分子与遗传,"Questions below refer to the following synthetic pathway of nRNA pyrimidine, cytidine 5' triphosphate, CTP. This pathway begins with the condensation of two small molecules by the enzyme aspartate transcarbamylase (ATCase). This enzymatic phenomenon is an example of",,not_translated_in_full_list,feedback inhibition,38,7.5785,0.3197,generic_visual
biology\scemqa_biology,scemqabiology00049,scemqabiology00049.json,436,anatomy_physiology,解剖与生理结构,The following graphs show the permeability of ions during an action potential in a ventricular contractile cardiac fiber. The action potential of cardiac muscle fibers resembles that of skeletal muscles. Which of the following statements is true concerning the initial phase of depolarization?,,not_translated_in_full_list,The permeability of the sarcolemma to Na+ ions increases,43,7.7873,0.3017,chart_like
biology\scemqa_biology,scemqabiology00050,scemqabiology00050.json,498,cell_molecular_genetics,细胞、分子与遗传,"If this gel were used in a court case as DNA evidence taken from the crime scene, which of the following suspects appears to be guilty?",,not_translated_in_full_list,Suspect B,26,7.0427,0.3467,generic_visual
biology\scemqa_biology,scemqabiology00051,scemqabiology00051.json,435,cell_molecular_genetics,细胞、分子与遗传,"The following graphs show the permeability of ions during an action potential in a ventricular contractile cardiac fiber. The action potential of cardiac muscle fibers resembles that of skeletal muscles. Based on the graph, the resting membrane potential of the muscle fibers is closest to",,not_translated_in_full_list,-90 mV,45,8.0314,0.3017,chart_like
biology\scemqa_biology,scemqabiology00052,scemqabiology00052.json,415,ecology_food_web_population,生态、食物网与种群,"The figure above shows a model generated from a study of interactions in a Serengeti ecosystem. This figure describes hypothesized relationships between a parasite that causes disease in wildebeest, rinderpest, and other important components of the ecosystem. Thick arrows represent dominant effects, and ""grass"" is in a dotted circle because that variable was not directly measured in the study. Which of the following can most reasonably be predicted based on this figure?",,not_translated_in_full_list,Increasing the amount of rinderpest could indirectly lower tree numbers.,72,9.1174,0.3917,geometry_diagram
biology\scemqa_biology,scemqabiology00053,scemqabiology00053.json,503,ecology_food_web_population,生态、食物网与种群,"The frequency of genotypes for a given trait are given in the accompanying graph. Which of the following processes may be occurring in this population, given the allele frequencies?",,not_translated_in_full_list,Homozygous advantage,29,7.5791,0.3467,chart_like
biology\scemqa_biology,scemqabiology00054,scemqabiology00054.json,433,cell_molecular_genetics,细胞、分子与遗传,"The cell cycle is a series of events in the life of a dividing eukaryotic cell. It consists of four stages: G1, S, G2, and M. The duration of the cell cycle varies from one species to another and from one cell type to another. The G1 phase varies the most. For example, embryonic cells can pass through the G1 phase so quickly that it hardly exists, whereas neurons are arrested in the cell cycle and do not divide. Mitosis occurs in all of the following types of cells EXCEPT",,not_translated_in_full_list,red blood cells,94,8.7379,0.4367,
biology\scemqa_biology,scemqabiology00055,scemqabiology00055.json,460,cell_molecular_genetics,细胞、分子与遗传,Four vials were set up to investigate bacterial transformation. Vials 1 and 2 each contained E. coli bacteria that had been made competent and had then been mixed with a plasmid containing the gene for ampicillin (pAMP) resistance. Vials 3 and 4 both contained E. coli that had also been made competent but had not been mixed with a plasmid. Each vial of bacteria was poured onto a nutrient agar plate. Vials 1 and 3 were poured onto plates that contained the antibiotic ampicillin. Vials 2 and 4...,,not_translated_in_full_list,There was no antibiotic in the agar in Plate 2 that would have restricted growth of bacteria.,139,11.3945,0.5947,wide_diagram
biology\scemqa_biology,scemqabiology00056,scemqabiology00056.json,539,ecology_food_web_population,生态、食物网与种群,"A population of goldfish in a large, isolated pond were studied in 1958 and again in 2008. The fishes' pigment level varied from pale white-orange fish to dark brown-orange fish. The color of each fish was recorded in the figure below. Which of the following best describes the fish population in the year 1958?",,not_translated_in_full_list,Mostly medium-orange fish with some nearly white and some nearly brown,56,8.9648,0.4097,generic_visual
biology\scemqa_biology,scemqabiology00057,scemqabiology00057.json,502,ecology_food_web_population,生态、食物网与种群,The frequency of genotypes for a given trait are given in the accompanying graph. Is this population in Hardy-Weinberg equilibrium?,,not_translated_in_full_list,No,21,7.3057,0.3107,chart_like
biology\scemqa_biology,scemqabiology00058,scemqabiology00058.json,501,ecology_food_web_population,生态、食物网与种群,The frequency of genotypes for a given trait are given in the accompanying graph. What would be the approximate frequency of the heterozygote condition if this population were in Hardy-Weinberg equilibrium?,,not_translated_in_full_list,48 percent,32,7.9792,0.4007,chart_like
biology\scemqa_biology,scemqabiology00059,scemqabiology00059.json,467,ecology_food_web_population,生态、食物网与种群,"In a study of dusty salamanders, Desmognathus ochrophaeus, scientists brought individuals from different populations into the laboratory and tested their ability to mate and produce viable, fertile offspring. Here is the graph of the data. The degree of reproductive isolation is represented by an index ranging from 0 (no isolation) to 2 (complete isolation). Which of the following statements best describes the evolutionary history of dusty salamanders?",,not_translated_in_full_list,Reproductive isolation between the two populations increases as the distance between them increases,67,9.728,0.4727,chart_like
biology\scemqa_biology,scemqabiology00060,scemqabiology00060.json,438,anatomy_physiology,解剖与生理结构,The following graphs show the permeability of ions during an action potential in a ventricular contractile cardiac fiber. The action potential of cardiac muscle fibers resembles that of skeletal muscles. One major difference between the action potential of cardiac muscle fibers and the action potential of skeletal muscle fibers is that in cardiac muscle fibers,,not_translated_in_full_list,depolarization is prolonged compared to that in skeletal muscle fibers,55,8.0585,0.3017,chart_like
biology\scemqa_biology,scemqabiology00061,scemqabiology00061.json,489,cell_molecular_genetics,细胞、分子与遗传,"β-thalassemia is a disease that strikes mainly people of Mediterranean and Asian descent. It involves a flaw in the gene that codes for β-globin, one of the protein chains that make up hemoglobin (Hb). A trial was conducted. The patient in this trial was typical of individuals with β-thalassemia. He needed monthly blood transfusions and daily treatments to lower blood iron levels. In 2007, when the patient was 19 years old, scientists removed some of his bone marrow cells and treated them wit...",,not_translated_in_full_list,Researchers inserted a gene into a virus vector that carried the normal hemoglobin gene into the patient's cells.,132,10.0219,0.4907,chart_like
biology\scemqa_biology,scemqabiology00062,scemqabiology00062.json,534,cell_molecular_genetics,细胞、分子与遗传,"Diabetes mellitus is a disease characterized by an inability of the cells to properly produce (type I) or respond (type II) to insulin, a hormone produced by the pancreas in response to high levels of blood glucose. Without insulin, glucose accumulates in the blood. In situations of low blood glucose, another pancreatic enzyme, glucagon, is released, which triggers the process of gluconeogenesis, shown on the right side of the pathway below. The stimulators, activators, or inhibitors of each...",,not_translated_in_full_list,High levels of glucagon,92,8.7724,0.4507,generic_visual
biology\scemqa_biology,scemqabiology00063,scemqabiology00063.json,533,cell_molecular_genetics,细胞、分子与遗传,"Embryogenesis is a carefully timed and well-organized process. As a single-celled zygote divides and grows into hundreds and thousands of cells, a process called differentiation occurs wherein certain areas of the embryo become specialized to become different types of tissue. As differentiation continues, the level of specificity increases, and the cell potency decreases until highly specialized unique tissues and organs develop. The figure below shows 12 stages of development of human embryo...",,not_translated_in_full_list,Blastomere,104,10.799,0.5947,dense_diagram
